Candidate concept(s)	Decision	Canonical/proposed target	Reason	Follow-up
Screen-time summary, app visibility, browsing visibility, live screen monitoring	merge	digital-activity-visibility	These share an irreducible interest in consensual digital visibility. Summary/detailed/live granularity is better held for a future visibility refinement.	Review visibility granularity in composable-model work.
Device curfews, app blocking, unlocks, parental-control-style mechanisms	merge	digital-device-restriction-control	Technical enforcement is materially different from visibility, but individual enforcement methods do not need separate base rows yet.	Future refinements may capture mechanism and duration.
Password/account/device access	add	account-access-surrender	Privacy/access surrender is independently rateable and higher-stakes than generic monitoring.	Consider aliases such as password access after canonical merge.
Continuous, temporary, and arrival/departure location sharing	merge	live-location-sharing	Location visibility is independently rateable from permission/control; duration and event granularity can refine later.	Potential refinement: continuous | temporary | event-based.
Geofence notifications and location-based permissions	merge	location-permission-protocol	Authority over movement/outing is distinct from merely seeing location.	Technical geofencing remains delivery/context.
Fitness, sleep, heart-rate, activity and wellness visibility	merge	biometric-visibility	Sensitive biometric visibility is independently rateable and should not inherit from generic accountability.	Authority to set goals/consequences remains separate.
Habit trackers, shared dashboards, task-completion logs	merge	digital-accountability-tracking	The core appeal is digitally persistent accountability rather than passive monitoring.	Domain-specific app choice remains context.
Posting permission, profile/bio/avatar rules, content approval	merge	online-presentation-control	These all control online presentation; separate rows would overfit platforms.	Public/private and content type can refine later.
Who may be followed, messaged, added, or interacted with	add	online-interaction-rules	Online interaction authority can differ sharply from presentation control and from offline social control.	Keep coercive-isolation guardrails explicit.
Wallpapers, lock screens, contact names, Discord roles, badges, status markers	merge	digital-ownership-symbols	These are digital expressions of ownership/belonging symbolism rather than separate technology kinks.	Platform/domain is a future context refinement.
Financial domination / findom	add	financial-domination-findom	Findom is a recognizable erotic power-exchange interest and should not collapse into generic budgeting or spending rules.	Signal mapping should distinguish control/devotion where appropriate.
Financial / monetary tribute and platform-native gifts	merge	monetary-tribute	The underlying act is financial devotion/tribute regardless of payment rail or platform.	Do not merge with sexual/photo tribute.
Allowances, spending limits, purchase approval, discretionary restrictions	merge	spending-permission-control	These share authority over discretionary spending and are distinct from mere reporting.	Essential needs remain outside harmful restriction.
Budget review, wallet/account visibility, financial reporting	merge	financial-accountability-reporting	Visibility/accountability is different from authority to deny spending or transfer funds.	Review giving/receiving mapping at canonical merge.
Partner holding/managing agreed funds	defer	spending-permission-control + financial-accountability-reporting	The lived implementation is high-stakes, but the current preference meaning is largely covered by control plus accountability.	Only add a separate base row if review finds materially different preference resolution.
Spoiling dynamics	existing	spoiling-princess-treatment	The current catalog already has a direct spoiling / princess treatment row.	No new row.
Financial humiliation	defer	degradation + future target refinement	Financial target/focus is exactly the kind of cross-cutting degradation distinction reserved for composable refinement.	Do not add a target-specific row in this slice.
Required check-ins and status reporting	add	required-check-ins	General recurring check-in protocol is broader than morning/night ritual and useful outside one time of day.	Digital/in-person channel can remain context.
Response timing, message format, ritual phrases, read/availability expectations	merge	messaging-protocol	Asynchronous/digital communication can be independently appealing beyond current speech protocol.	Some honorific behavior is already covered by honorifics/titles.
Temporary silence, no-message windows, communication denial	add	communication-restriction-silence-protocol	Restriction itself is distinct from message formatting or information control.	Duration/channel can refine later.
Permission around outings and selected social plans	add	social-plan-permission	This is independently rateable from online interaction rules and from generic permission protocols because the real-world domain changes the stakes.	Keep isolation guardrails explicit.
Rules around flirting or selected interpersonal conduct	add	interpersonal-behavior-rules	Interpersonal conduct is a distinct relational domain from online presentation and outing permission.	Do not use as a proxy for nonconsensual social isolation.
Clothing approval, outfits, hair, makeup, grooming, accessories	merge	appearance-presentation-control	Authority over presentation is distinct from existing being-dressed caretaking and from clothing fetish items.	Public/private context can refine later.
Bedtime, wake time, leisure windows, time-boxing, directed schedules	merge	schedule-time-control	These share authority over time/routine while remaining distinct from individual assigned tasks.	Self-care/caretaking meaning can be inferred/contextual later.
Hydration, meals, breaks and wellness routines	existing/defer	protective-dominance + daily-rules-tasks + task-assignment	The modern tooling does not create a new base kink here; the meaning is already care/structure/tasking.	Use context/refinement if later needed.
Privacy surrender across devices, accounts or communications	add	privacy-surrender	Privacy surrender is a broader psychological interest than simple account access or monitoring.	Exact privacy domains should refine later.
Consensual blackmail / leverage play	add	consensual-blackmail-fantasy	Leverage is psychologically distinct from monitoring and should remain fantasy/bounded unless explicit real-world action is separately negotiated.	Do not imply permission for actual nonconsensual exposure.
Controlled disclosure / exposure fantasy	add	controlled-disclosure-fantasy	Control over possible disclosure can appeal without the threat/leverage structure of blackmail.	Audience and permanence are future refinements.
Sexual/photo tribute	add	sexual-photo-tribute	A media-focused devotion ritual is distinct from financial tribute, generic masturbation, and orgasm control.	Proof is optional and separate.
Proof / response media after assignments	add	sexual-proof-response-media	The appeal is evidence/accountability and media exchange, not tribute itself.	Recording permission is not implied by assignment.
Genital / dick rating	add	genital-rating	Culturally recognizable and independently rateable; tone can be praise, judgment, teasing, comparison, or degradation.	Broader target/tone system belongs to composable refinement.
Broader degradation targets: body, mind, skill, behavior, sexuality, role/status, vulnerability	defer	catalog refinement / composable modeling	Target is important but cross-cutting; adding many standalone rows now would lock a catalog-wide modeling decision prematurely.	Handle in the separate parked refinement stream.
Remote toy control, long-distance control, scheduled/randomized device activation	merge	remote-app-controlled-toy-play	Connected control changes the experience enough to rate independently; distance/scheduling/randomization are delivery refinements.	Do not create product-specific rows.
Smart-home lighting/music/temperature/environment control	defer	existing protocol/sensory interests + future environment refinement	Technology primarily changes the delivery/context of ritual, sensory, or control interests.	Potential refinement: environment=smart-home.
VR/AR roleplay, avatar embodiment, shared virtual scenes	merge	vr-virtual-roleplay	Virtual embodiment can be independently appealing; specific avatar/status/presentation controls are covered elsewhere.	AR vs VR vs virtual world can refine later.
Virtual collars, avatar ownership markers, online status symbols	merge	digital-ownership-symbols	The underlying interest is symbolic ownership/belonging in a digital expression.	Virtual setting remains context.
Bot-delivered prompts, scheduled tasks, automated permissions	merge	automated-protocol-tasking	Automation changes delivery but creates a recognizable persistent protocol experience.	Keep underlying authority human-defined unless system authority is the appeal.
Delegating selected choices to randomizers, rules engines, bots or AI	add	algorithmic-system-authority	Attraction to system authority may differ from partner authority and is independently rateable.	Keep consent boundaries human-set and overrideable.
Digital scarcity, temporary app/media access, permission tokens, reward unlocks	existing/defer	permission-protocols + reward structures	The core desire is permission/denial/reward; digital delivery does not yet justify a separate base row.	Revisit as access-control refinement if needed.
Assigned playlists, media, voice notes, ritual audio cues	existing/defer	task-assignment + ritual/protocol + language-play	Media channel changes delivery more than underlying preference.	Potential refinement: medium=audio/media.
Gaming time rules, game/character/loadout/cosmetic selection	defer	permission/protocol + online-presentation-control	Gaming is a strong domain/context but not yet evidence of a distinct base mechanism.	Potential refinement: domain=gaming.
Discord roles, nicknames, statuses and server-symbolic collaring	merge	digital-ownership-symbols	These are platform-specific forms of digital status/ownership signaling.	Potential refinement: domain=community/chat.
WFH check-ins, desk/presentation rules, workday transition rituals	existing/defer	required-check-ins + appearance-presentation-control + schedule-time-control	Work-from-home is a context combining already represented mechanisms.	Potential refinement: context=workday/WFH.
Private photo/video creation, partner-directed posing	existing	erotic-photography + erotic-video-recording + photographer-model-roleplay	Current catalog already covers the base activity and directed posing.	Online posting approval is separately covered by online-presentation-control.
Livestream/cam performance and remote camera play	existing	remote-camera-play + consensual-audience-play + exhibitionism	Current catalog already covers live camera and consenting audience experiences.	Audience/public permanence remains context.
Social-media public signaling of the dynamic	merge	digital-ownership-symbols + online-presentation-control	The symbolic meaning and presentation authority are both represented without a separate social-media-only row.	Publicness can refine later.
