Kink	Category	Description	Risk Level	Notes	Research Source(s)	Source URL(s)
Anal sex	Sexual Activities & Techniques	Consensual anal penetration as a sexual activity.	Moderate	Adult consensual activity; individual anatomy and health considerations vary.	Tumblr 400+ list; KinkSheet	https://5ummit.tumblr.com/post/686429062096355328/list-of-400-kinks-tropes; https://kinksheet.com/
Fellatio / blowjob	Sexual Activities & Techniques	Oral stimulation of a penis.	Low-Moderate	Adult consensual activity; individual anatomy and health considerations vary.	Tumblr 400+ list; KinkSheet	https://5ummit.tumblr.com/post/686429062096355328/list-of-400-kinks-tropes; https://kinksheet.com/
Cunnilingus	Sexual Activities & Techniques	Oral stimulation of a vulva.	Low-Moderate	Adult consensual activity; individual anatomy and health considerations vary.	Tumblr 400+ list; KinkSheet	https://5ummit.tumblr.com/post/686429062096355328/list-of-400-kinks-tropes; https://kinksheet.com/
Deep-throat play	Sexual Activities & Techniques	Oral play centered on deeper penetration and gag-reflex intensity.	Moderate	Adult consensual activity; individual anatomy and health considerations vary.	Tumblr 400+ list; KinkSheet	https://5ummit.tumblr.com/post/686429062096355328/list-of-400-kinks-tropes; https://kinksheet.com/
Face-sitting	Sexual Activities & Techniques	One partner sits or hovers over the other's face as an oral-sex / power-position activity.	Moderate	Adult consensual activity; individual anatomy and health considerations vary.	Tumblr 400+ list; KinkSheet	https://5ummit.tumblr.com/post/686429062096355328/list-of-400-kinks-tropes; https://kinksheet.com/
Hand stimulation / handjob	Sexual Activities & Techniques	Manual genital stimulation.	Low	Adult consensual activity; individual anatomy and health considerations vary.	Tumblr 400+ list; KinkSheet	https://5ummit.tumblr.com/post/686429062096355328/list-of-400-kinks-tropes; https://kinksheet.com/
Vaginal fingering	Sexual Activities & Techniques	Manual vaginal stimulation.	Low	Adult consensual activity; individual anatomy and health considerations vary.	Tumblr 400+ list; KinkSheet	https://5ummit.tumblr.com/post/686429062096355328/list-of-400-kinks-tropes; https://kinksheet.com/
Anal fingering	Sexual Activities & Techniques	Manual anal stimulation.	Low-Moderate	Adult consensual activity; individual anatomy and health considerations vary.	Tumblr 400+ list; KinkSheet	https://5ummit.tumblr.com/post/686429062096355328/list-of-400-kinks-tropes; https://kinksheet.com/
Vaginal fisting	Sexual Activities & Techniques	Hand insertion as an advanced penetration activity.	High	Adult consensual activity; individual anatomy and health considerations vary.	Tumblr 400+ list; KinkSheet	https://5ummit.tumblr.com/post/686429062096355328/list-of-400-kinks-tropes; https://kinksheet.com/
Anal fisting	Sexual Activities & Techniques	Hand insertion as an advanced anal activity.	High	Adult consensual activity; individual anatomy and health considerations vary.	Tumblr 400+ list; KinkSheet	https://5ummit.tumblr.com/post/686429062096355328/list-of-400-kinks-tropes; https://kinksheet.com/
Pegging	Sexual Activities & Techniques	Strap-on anal penetration, commonly with a receiver who does not have a vagina.	Moderate	Adult consensual activity; individual anatomy and health considerations vary.	Tumblr 400+ list; KinkSheet	https://5ummit.tumblr.com/post/686429062096355328/list-of-400-kinks-tropes; https://kinksheet.com/
Rimming / anilingus	Sexual Activities & Techniques	Oral stimulation of the anus.	Moderate	Adult consensual activity; individual anatomy and health considerations vary.	Tumblr 400+ list; KinkSheet	https://5ummit.tumblr.com/post/686429062096355328/list-of-400-kinks-tropes; https://kinksheet.com/
69	Sexual Activities & Techniques	Mutual oral stimulation at the same time.	Low-Moderate	Adult consensual activity; individual anatomy and health considerations vary.	Tumblr 400+ list; KinkSheet	https://5ummit.tumblr.com/post/686429062096355328/list-of-400-kinks-tropes; https://kinksheet.com/
Mutual masturbation	Sexual Activities & Techniques	Partners masturbate together or in view of one another.	Low	Adult consensual activity; individual anatomy and health considerations vary.	Tumblr 400+ list; KinkSheet	https://5ummit.tumblr.com/post/686429062096355328/list-of-400-kinks-tropes; https://kinksheet.com/
Partner-watched masturbation	Sexual Activities & Techniques	One partner masturbates while the other consensually watches.	Low	Adult consensual activity; individual anatomy and health considerations vary.	Tumblr 400+ list; KinkSheet	https://5ummit.tumblr.com/post/686429062096355328/list-of-400-kinks-tropes; https://kinksheet.com/
Double penetration	Sexual Activities & Techniques	Simultaneous penetration involving two points of penetration or multiple partners/toys.	High	Adult consensual activity; individual anatomy and health considerations vary.	Tumblr 400+ list; KinkSheet	https://5ummit.tumblr.com/post/686429062096355328/list-of-400-kinks-tropes; https://kinksheet.com/
Strap-on play	Sexual Activities & Techniques	Use of a strap-on for penetration or power-role play.	Moderate	Adult consensual activity; individual anatomy and health considerations vary.	Tumblr 400+ list; KinkSheet	https://5ummit.tumblr.com/post/686429062096355328/list-of-400-kinks-tropes; https://kinksheet.com/
Tribadism / scissoring	Sexual Activities & Techniques	Genital-to-genital rubbing between vulva-owning partners.	Low	Adult consensual activity; individual anatomy and health considerations vary.	Tumblr 400+ list; KinkSheet	https://5ummit.tumblr.com/post/686429062096355328/list-of-400-kinks-tropes; https://kinksheet.com/
Intercrural sex	Sexual Activities & Techniques	Penetrative-style stimulation between the thighs rather than inside the body.	Low	Adult consensual activity; individual anatomy and health considerations vary.	Tumblr 400+ list; KinkSheet	https://5ummit.tumblr.com/post/686429062096355328/list-of-400-kinks-tropes; https://kinksheet.com/
Frottage / grinding	Sexual Activities & Techniques	Erotic rubbing or grinding against a partner or clothing.	Low	Adult consensual activity; individual anatomy and health considerations vary.	Tumblr 400+ list; KinkSheet	https://5ummit.tumblr.com/post/686429062096355328/list-of-400-kinks-tropes; https://kinksheet.com/
Sex toy: dildo	Sexual Activities & Techniques	Use of a non-vibrating insertable sex toy.	Low-Moderate	Adult consensual activity; individual anatomy and health considerations vary.	Tumblr 400+ list; KinkSheet	https://5ummit.tumblr.com/post/686429062096355328/list-of-400-kinks-tropes; https://kinksheet.com/
Sex toy: plug	Sexual Activities & Techniques	Use of an insertable plug, often for anal play.	Moderate	Adult consensual activity; individual anatomy and health considerations vary.	Tumblr 400+ list; KinkSheet	https://5ummit.tumblr.com/post/686429062096355328/list-of-400-kinks-tropes; https://kinksheet.com/
Sex toy: vibrator	Sexual Activities & Techniques	Use of a vibrating sex toy.	Low	Adult consensual activity; individual anatomy and health considerations vary.	Tumblr 400+ list; KinkSheet	https://5ummit.tumblr.com/post/686429062096355328/list-of-400-kinks-tropes; https://kinksheet.com/
Magic-wand stimulation	Sexual Activities & Techniques	Use of a broad-head vibrating massager for sexual stimulation.	Low	Adult consensual activity; individual anatomy and health considerations vary.	Tumblr 400+ list; KinkSheet	https://5ummit.tumblr.com/post/686429062096355328/list-of-400-kinks-tropes; https://kinksheet.com/
Sex machine play	Sexual Activities & Techniques	Use of a powered device that provides repetitive sexual stimulation.	High	Adult consensual activity; individual anatomy and health considerations vary.	Tumblr 400+ list; KinkSheet	https://5ummit.tumblr.com/post/686429062096355328/list-of-400-kinks-tropes; https://kinksheet.com/
Sybian-style ride-on vibrator	Sexual Activities & Techniques	Ride-on vibrating machine used for intense stimulation.	Moderate-High	Adult consensual activity; individual anatomy and health considerations vary.	Tumblr 400+ list; KinkSheet	https://5ummit.tumblr.com/post/686429062096355328/list-of-400-kinks-tropes; https://kinksheet.com/
Genital ring play	Sexual Activities & Techniques	Use of a ring designed to create pressure around genital tissue.	Moderate	Adult consensual activity; individual anatomy and health considerations vary.	Tumblr 400+ list; KinkSheet	https://5ummit.tumblr.com/post/686429062096355328/list-of-400-kinks-tropes; https://kinksheet.com/
Cockwarming / passive penetration	Sexual Activities & Techniques	Remaining penetrated with little or no movement as an intimacy or control dynamic.	Moderate	Adult consensual activity; individual anatomy and health considerations vary.	Tumblr 400+ list; KinkSheet	https://5ummit.tumblr.com/post/686429062096355328/list-of-400-kinks-tropes; https://kinksheet.com/
Coming on command	Sexual Activities & Techniques	Orgasm timed to a partner's command or permission cue.	Low-Moderate	Adult consensual activity; individual anatomy and health considerations vary.	Tumblr 400+ list; KinkSheet	https://5ummit.tumblr.com/post/686429062096355328/list-of-400-kinks-tropes; https://kinksheet.com/
Untouched orgasm fantasy	Sexual Activities & Techniques	Interest in climax occurring without direct genital touch, often through mental or sensory stimulation.	Low	Adult consensual activity; individual anatomy and health considerations vary.	Tumblr 400+ list; KinkSheet	https://5ummit.tumblr.com/post/686429062096355328/list-of-400-kinks-tropes; https://kinksheet.com/
Multiple-orgasm play	Sexual Activities & Techniques	Seeking or exploring repeated orgasms within one encounter.	Moderate	Adult consensual activity; individual anatomy and health considerations vary.	Tumblr 400+ list; KinkSheet	https://5ummit.tumblr.com/post/686429062096355328/list-of-400-kinks-tropes; https://kinksheet.com/
Car sex fantasy	Sexual Contexts & Environments	Interest in sexual activity in or around a vehicle.	Moderate	Keep any public-risk element private or limited to environments where all observers consent.	Tumblr 400+ list; 3Fun	https://5ummit.tumblr.com/post/686429062096355328/list-of-400-kinks-tropes; https://www.go3fun.co/poly-blog/list-of-kinks/
Shower sex	Sexual Contexts & Environments	Sexual activity in a shower environment.	Moderate	Keep any public-risk element private or limited to environments where all observers consent.	Tumblr 400+ list; 3Fun	https://5ummit.tumblr.com/post/686429062096355328/list-of-400-kinks-tropes; https://www.go3fun.co/poly-blog/list-of-kinks/
Bath / pool sex	Sexual Contexts & Environments	Sexual activity in water-based settings such as a bath or pool.	Moderate	Keep any public-risk element private or limited to environments where all observers consent.	Tumblr 400+ list; 3Fun	https://5ummit.tumblr.com/post/686429062096355328/list-of-400-kinks-tropes; https://www.go3fun.co/poly-blog/list-of-kinks/
Phone sex	Sexual Contexts & Environments	Erotic interaction conducted by voice call.	Low	Keep any public-risk element private or limited to environments where all observers consent.	Tumblr 400+ list; 3Fun	https://5ummit.tumblr.com/post/686429062096355328/list-of-400-kinks-tropes; https://www.go3fun.co/poly-blog/list-of-kinks/
Sexting	Sexual Contexts & Environments	Erotic text-based communication between consenting adults.	Moderate	Keep any public-risk element private or limited to environments where all observers consent.	Tumblr 400+ list; 3Fun	https://5ummit.tumblr.com/post/686429062096355328/list-of-400-kinks-tropes; https://www.go3fun.co/poly-blog/list-of-kinks/
Rough sex	Sexual Contexts & Environments	Preference for physically intense, forceful-feeling consensual sex.	Moderate-High	Keep any public-risk element private or limited to environments where all observers consent.	Tumblr 400+ list; 3Fun	https://5ummit.tumblr.com/post/686429062096355328/list-of-400-kinks-tropes; https://www.go3fun.co/poly-blog/list-of-kinks/
Gentle sex	Sexual Contexts & Environments	Preference for soft, slow, affectionate sexual activity.	Low	Keep any public-risk element private or limited to environments where all observers consent.	Tumblr 400+ list; 3Fun	https://5ummit.tumblr.com/post/686429062096355328/list-of-400-kinks-tropes; https://www.go3fun.co/poly-blog/list-of-kinks/
Wall sex	Sexual Contexts & Environments	Sexual activity positioned against a wall or upright surface.	Moderate	Keep any public-risk element private or limited to environments where all observers consent.	Tumblr 400+ list; 3Fun	https://5ummit.tumblr.com/post/686429062096355328/list-of-400-kinks-tropes; https://www.go3fun.co/poly-blog/list-of-kinks/
Sleepy sex	Sexual Contexts & Environments	Sexual activity when partners are drowsy but awake and consenting.	Moderate	Keep any public-risk element private or limited to environments where all observers consent.	Tumblr 400+ list; 3Fun	https://5ummit.tumblr.com/post/686429062096355328/list-of-400-kinks-tropes; https://www.go3fun.co/poly-blog/list-of-kinks/
Distracted / casual-use sex fantasy	Sexual Contexts & Environments	Interest in sexual activity while one partner remains focused on another harmless activity.	Moderate	Keep any public-risk element private or limited to environments where all observers consent.	Tumblr 400+ list; 3Fun	https://5ummit.tumblr.com/post/686429062096355328/list-of-400-kinks-tropes; https://www.go3fun.co/poly-blog/list-of-kinks/
Angry-sex / hate-sex fantasy	Sexual Contexts & Environments	Consensual roleplay using anger, rivalry, or conflict as erotic framing.	Moderate-High	Keep any public-risk element private or limited to environments where all observers consent.	Tumblr 400+ list; 3Fun	https://5ummit.tumblr.com/post/686429062096355328/list-of-400-kinks-tropes; https://www.go3fun.co/poly-blog/list-of-kinks/
Clothed sex	Sexual Contexts & Environments	Sexual activity while one or both partners remain partially or fully clothed.	Low	Keep any public-risk element private or limited to environments where all observers consent.	Tumblr 400+ list; 3Fun	https://5ummit.tumblr.com/post/686429062096355328/list-of-400-kinks-tropes; https://www.go3fun.co/poly-blog/list-of-kinks/
Almost-getting-caught fantasy	Sexual Contexts & Environments	Arousal from the possibility of discovery without actually involving non-consenting observers.	Moderate	Keep any public-risk element private or limited to environments where all observers consent.	Tumblr 400+ list; 3Fun	https://5ummit.tumblr.com/post/686429062096355328/list-of-400-kinks-tropes; https://www.go3fun.co/poly-blog/list-of-kinks/
Striptease / erotic dancing	Sexual Contexts & Environments	Erotic performance centered on dancing, undressing, or controlled presentation.	Low	Keep any public-risk element private or limited to environments where all observers consent.	Tumblr 400+ list; 3Fun	https://5ummit.tumblr.com/post/686429062096355328/list-of-400-kinks-tropes; https://www.go3fun.co/poly-blog/list-of-kinks/
Lap dance	Sexual Contexts & Environments	Erotic dance performed closely for a seated partner.	Low	Keep any public-risk element private or limited to environments where all observers consent.	Tumblr 400+ list; 3Fun	https://5ummit.tumblr.com/post/686429062096355328/list-of-400-kinks-tropes; https://www.go3fun.co/poly-blog/list-of-kinks/
Watching porn together	Sexual Contexts & Environments	Shared viewing of consensual adult pornography as part of sexual play.	Low-Moderate	Keep any public-risk element private or limited to environments where all observers consent.	Tumblr 400+ list; 3Fun	https://5ummit.tumblr.com/post/686429062096355328/list-of-400-kinks-tropes; https://www.go3fun.co/poly-blog/list-of-kinks/
Cum play	Fluids, Excretions & Body Responses	Erotic focus on semen as a body fluid, symbol, or sensory element.	Moderate	Barrier/STI and cleanup preferences matter.	Tumblr 400+ list; KinkSheet; 3Fun	https://5ummit.tumblr.com/post/686429062096355328/list-of-400-kinks-tropes; https://kinksheet.com/; https://www.go3fun.co/poly-blog/list-of-kinks/
Facial cum play	Fluids, Excretions & Body Responses	Erotic interest in semen being placed on the face.	Moderate	Eye exposure and STI considerations matter.	Tumblr 400+ list; KinkSheet; 3Fun	https://5ummit.tumblr.com/post/686429062096355328/list-of-400-kinks-tropes; https://kinksheet.com/; https://www.go3fun.co/poly-blog/list-of-kinks/
Bukkake fantasy / group cum play	Fluids, Excretions & Body Responses	Group-oriented semen-focused fantasy or activity among consenting adults.	Moderate-High	Multiple-partner STI considerations apply.	Tumblr 400+ list; KinkSheet; 3Fun	https://5ummit.tumblr.com/post/686429062096355328/list-of-400-kinks-tropes; https://kinksheet.com/; https://www.go3fun.co/poly-blog/list-of-kinks/
Swallowing semen	Fluids, Excretions & Body Responses	Interest in swallowing semen during consensual adult sexual activity.	Moderate	STI considerations apply.	Tumblr 400+ list; KinkSheet; 3Fun	https://5ummit.tumblr.com/post/686429062096355328/list-of-400-kinks-tropes; https://kinksheet.com/; https://www.go3fun.co/poly-blog/list-of-kinks/
Cum swapping / snowballing	Fluids, Excretions & Body Responses	Passing semen between consenting adults, usually mouth-to-mouth.	Moderate-High	STI considerations apply.	Tumblr 400+ list; KinkSheet; 3Fun	https://5ummit.tumblr.com/post/686429062096355328/list-of-400-kinks-tropes; https://kinksheet.com/; https://www.go3fun.co/poly-blog/list-of-kinks/
Felching	Fluids, Excretions & Body Responses	Interest in retrieving semen from a body opening after ejaculation.	High	Higher exposure to body fluids; hygiene and STI considerations.	Tumblr 400+ list; KinkSheet; 3Fun	https://5ummit.tumblr.com/post/686429062096355328/list-of-400-kinks-tropes; https://kinksheet.com/; https://www.go3fun.co/poly-blog/list-of-kinks/
Drool / saliva fetish	Fluids, Excretions & Body Responses	Erotic focus on drooling, saliva, or visible wetness.	Low-Moderate	Hygiene and infection considerations vary.	Tumblr 400+ list; KinkSheet; 3Fun	https://5ummit.tumblr.com/post/686429062096355328/list-of-400-kinks-tropes; https://kinksheet.com/; https://www.go3fun.co/poly-blog/list-of-kinks/
Lactation / milk fetish	Fluids, Excretions & Body Responses	Erotic interest in lactation, milk, or nursing-related adult fantasy.	Moderate	Adult-only; medical/lactation context may matter.	Tumblr 400+ list; KinkSheet; 3Fun	https://5ummit.tumblr.com/post/686429062096355328/list-of-400-kinks-tropes; https://kinksheet.com/; https://www.go3fun.co/poly-blog/list-of-kinks/
Menstruation kink	Fluids, Excretions & Body Responses	Erotic interest in menstrual blood or menstruation-related intimacy.	Moderate	Bloodborne-pathogen considerations.	Tumblr 400+ list; KinkSheet; 3Fun	https://5ummit.tumblr.com/post/686429062096355328/list-of-400-kinks-tropes; https://kinksheet.com/; https://www.go3fun.co/poly-blog/list-of-kinks/
Squirting fetish	Fluids, Excretions & Body Responses	Erotic interest in squirting or visible sexual fluid release.	Low-Moderate	Hydration and comfort matter.	Tumblr 400+ list; KinkSheet; 3Fun	https://5ummit.tumblr.com/post/686429062096355328/list-of-400-kinks-tropes; https://kinksheet.com/; https://www.go3fun.co/poly-blog/list-of-kinks/
Tears / crying kink	Fluids, Excretions & Body Responses	Erotic or emotional interest in tears or consensual crying within a scene.	Moderate	Psychological context and aftercare may matter.	Tumblr 400+ list; KinkSheet; 3Fun	https://5ummit.tumblr.com/post/686429062096355328/list-of-400-kinks-tropes; https://kinksheet.com/; https://www.go3fun.co/poly-blog/list-of-kinks/
Urine play / watersports	Fluids, Excretions & Body Responses	Erotic interest involving urine between consenting adults.	Moderate	Hygiene and health considerations.	Tumblr 400+ list; KinkSheet; 3Fun	https://5ummit.tumblr.com/post/686429062096355328/list-of-400-kinks-tropes; https://kinksheet.com/; https://www.go3fun.co/poly-blog/list-of-kinks/
Scat fetish	Fluids, Excretions & Body Responses	Erotic interest involving feces.	High	High hygiene/infection risk; descriptive catalog entry only.	Tumblr 400+ list; KinkSheet; 3Fun	https://5ummit.tumblr.com/post/686429062096355328/list-of-400-kinks-tropes; https://kinksheet.com/; https://www.go3fun.co/poly-blog/list-of-kinks/
Vomit / emetophilia	Fluids, Excretions & Body Responses	Erotic interest involving vomiting or vomit.	High	Aspiration, illness, and hygiene risk; descriptive catalog entry only.	Tumblr 400+ list; KinkSheet; 3Fun	https://5ummit.tumblr.com/post/686429062096355328/list-of-400-kinks-tropes; https://kinksheet.com/; https://www.go3fun.co/poly-blog/list-of-kinks/
Bladder-desperation fantasy	Fluids, Excretions & Body Responses	Erotic interest in urgency or needing to urinate.	High	Avoid delaying essential bathroom use to the point of pain or harm.	Tumblr 400+ list; KinkSheet; 3Fun	https://5ummit.tumblr.com/post/686429062096355328/list-of-400-kinks-tropes; https://kinksheet.com/; https://www.go3fun.co/poly-blog/list-of-kinks/
Navel / belly-button fetish	Body Focus, Worship & Transformation	Erotic focus on the navel or belly button.	Low		3Fun; Tumblr 400+ list; TBô 2026 list	https://www.go3fun.co/poly-blog/list-of-kinks/; https://5ummit.tumblr.com/post/686429062096355328/list-of-400-kinks-tropes; https://tbo.clothing/blogs/talk/kinks-list-2026-a-z-fetishes-psychology
Pregnancy kink	Body Focus, Worship & Transformation	Erotic interest in pregnancy-related body changes, fertility symbolism, or adult pregnancy fantasy.	Low-Moderate	Fantasy and real pregnancy have different health considerations.	3Fun; Tumblr 400+ list; TBô 2026 list	https://www.go3fun.co/poly-blog/list-of-kinks/; https://5ummit.tumblr.com/post/686429062096355328/list-of-400-kinks-tropes; https://tbo.clothing/blogs/talk/kinks-list-2026-a-z-fetishes-psychology
Feedism / feederism	Body Focus, Worship & Transformation	Erotic interest in feeding, being fed, weight-gain fantasy, or feeder/feedee dynamics.	Moderate-High	Body image, nutrition, and health boundaries matter; fantasy-only is an option.	3Fun; Tumblr 400+ list; TBô 2026 list	https://www.go3fun.co/poly-blog/list-of-kinks/; https://5ummit.tumblr.com/post/686429062096355328/list-of-400-kinks-tropes; https://tbo.clothing/blogs/talk/kinks-list-2026-a-z-fetishes-psychology
Weight-gain kink	Body Focus, Worship & Transformation	Erotic interest in body-size increase or weight-gain fantasy.	Moderate-High	Health and body-image considerations.	3Fun; Tumblr 400+ list; TBô 2026 list	https://www.go3fun.co/poly-blog/list-of-kinks/; https://5ummit.tumblr.com/post/686429062096355328/list-of-400-kinks-tropes; https://tbo.clothing/blogs/talk/kinks-list-2026-a-z-fetishes-psychology
Size-difference kink	Body Focus, Worship & Transformation	Erotic interest in pronounced height, build, hand-size, or overall size contrast.	Low		3Fun; Tumblr 400+ list; TBô 2026 list	https://www.go3fun.co/poly-blog/list-of-kinks/; https://5ummit.tumblr.com/post/686429062096355328/list-of-400-kinks-tropes; https://tbo.clothing/blogs/talk/kinks-list-2026-a-z-fetishes-psychology
Micro/macrophilia fantasy	Body Focus, Worship & Transformation	Fantasy involving extreme size differences, shrinking, or giant/tiny scenarios.	Low	Fantasy/surrealism.	3Fun; Tumblr 400+ list; TBô 2026 list	https://www.go3fun.co/poly-blog/list-of-kinks/; https://5ummit.tumblr.com/post/686429062096355328/list-of-400-kinks-tropes; https://tbo.clothing/blogs/talk/kinks-list-2026-a-z-fetishes-psychology
Hair worship	Body Focus, Worship & Transformation	Sustained erotic attention to a partner's hair, styling, washing, or texture.	Low		3Fun; Tumblr 400+ list; TBô 2026 list	https://www.go3fun.co/poly-blog/list-of-kinks/; https://5ummit.tumblr.com/post/686429062096355328/list-of-400-kinks-tropes; https://tbo.clothing/blogs/talk/kinks-list-2026-a-z-fetishes-psychology
Hair-cutting kink	Body Focus, Worship & Transformation	Erotic interest in cutting or having hair cut as transformation, control, or ritual.	Moderate	Real hair changes can be lasting; negotiate carefully.	3Fun; Tumblr 400+ list; TBô 2026 list	https://www.go3fun.co/poly-blog/list-of-kinks/; https://5ummit.tumblr.com/post/686429062096355328/list-of-400-kinks-tropes; https://tbo.clothing/blogs/talk/kinks-list-2026-a-z-fetishes-psychology
Shaving / grooming kink	Body Focus, Worship & Transformation	Erotic interest in shaving, being shaved, or controlled grooming.	Moderate	Skin and consent considerations.	3Fun; Tumblr 400+ list; TBô 2026 list	https://www.go3fun.co/poly-blog/list-of-kinks/; https://5ummit.tumblr.com/post/686429062096355328/list-of-400-kinks-tropes; https://tbo.clothing/blogs/talk/kinks-list-2026-a-z-fetishes-psychology
Scar fetish	Body Focus, Worship & Transformation	Erotic attraction to scars or scarred skin.	Low	Attraction only; does not imply creating scars.	3Fun; Tumblr 400+ list; TBô 2026 list	https://www.go3fun.co/poly-blog/list-of-kinks/; https://5ummit.tumblr.com/post/686429062096355328/list-of-400-kinks-tropes; https://tbo.clothing/blogs/talk/kinks-list-2026-a-z-fetishes-psychology
Ass worship	Body Focus, Worship & Transformation	Focused erotic admiration or service directed toward a partner's buttocks.	Low		3Fun; Tumblr 400+ list; TBô 2026 list	https://www.go3fun.co/poly-blog/list-of-kinks/; https://5ummit.tumblr.com/post/686429062096355328/list-of-400-kinks-tropes; https://tbo.clothing/blogs/talk/kinks-list-2026-a-z-fetishes-psychology
Chest / breast worship	Body Focus, Worship & Transformation	Focused erotic admiration or service directed toward a partner's chest or breasts.	Low		3Fun; Tumblr 400+ list; TBô 2026 list	https://www.go3fun.co/poly-blog/list-of-kinks/; https://5ummit.tumblr.com/post/686429062096355328/list-of-400-kinks-tropes; https://tbo.clothing/blogs/talk/kinks-list-2026-a-z-fetishes-psychology
Genital worship	Body Focus, Worship & Transformation	Focused erotic admiration or service directed toward a partner's genitals.	Low-Moderate		3Fun; Tumblr 400+ list; TBô 2026 list	https://www.go3fun.co/poly-blog/list-of-kinks/; https://5ummit.tumblr.com/post/686429062096355328/list-of-400-kinks-tropes; https://tbo.clothing/blogs/talk/kinks-list-2026-a-z-fetishes-psychology
Fertility / breeding fantasy	Body Focus, Worship & Transformation	Adult consensual fantasy centered on fertility, impregnation themes, or reproductive symbolism.	Moderate	Fantasy does not require actual pregnancy intent; contraception decisions remain separate.	3Fun; Tumblr 400+ list; TBô 2026 list	https://www.go3fun.co/poly-blog/list-of-kinks/; https://5ummit.tumblr.com/post/686429062096355328/list-of-400-kinks-tropes; https://tbo.clothing/blogs/talk/kinks-list-2026-a-z-fetishes-psychology
Inflation fantasy	Body Focus, Worship & Transformation	Surreal fantasy involving expansion, filling, or exaggerated body inflation.	Low	Fantasy-only.	3Fun; Tumblr 400+ list; TBô 2026 list	https://www.go3fun.co/poly-blog/list-of-kinks/; https://5ummit.tumblr.com/post/686429062096355328/list-of-400-kinks-tropes; https://tbo.clothing/blogs/talk/kinks-list-2026-a-z-fetishes-psychology
Oral fixation	Body Focus, Worship & Transformation	Erotic focus on mouths, sucking, licking, biting, or having objects/parts in the mouth.	Low-Moderate	Broad umbrella.	3Fun; Tumblr 400+ list; TBô 2026 list	https://www.go3fun.co/poly-blog/list-of-kinks/; https://5ummit.tumblr.com/post/686429062096355328/list-of-400-kinks-tropes; https://tbo.clothing/blogs/talk/kinks-list-2026-a-z-fetishes-psychology
Nylon fetish	Clothing, Gear & Fetishwear	Erotic attraction to nylon fabric, hosiery, or its texture/appearance.	Low-Moderate		3Fun; Tumblr 400+ list; KinkSheet; TBô 2026 list	https://www.go3fun.co/poly-blog/list-of-kinks/; https://5ummit.tumblr.com/post/686429062096355328/list-of-400-kinks-tropes; https://kinksheet.com/; https://tbo.clothing/blogs/talk/kinks-list-2026-a-z-fetishes-psychology
Sneaker fetish	Clothing, Gear & Fetishwear	Erotic attraction to sneakers, worn athletic shoes, or sneaker aesthetics.	Low-Moderate		3Fun; Tumblr 400+ list; KinkSheet; TBô 2026 list	https://www.go3fun.co/poly-blog/list-of-kinks/; https://5ummit.tumblr.com/post/686429062096355328/list-of-400-kinks-tropes; https://kinksheet.com/; https://tbo.clothing/blogs/talk/kinks-list-2026-a-z-fetishes-psychology
Jewelry fetish	Clothing, Gear & Fetishwear	Erotic attraction to jewelry, adornment, or the act of putting it on/removing it.	Low-Moderate		3Fun; Tumblr 400+ list; KinkSheet; TBô 2026 list	https://www.go3fun.co/poly-blog/list-of-kinks/; https://5ummit.tumblr.com/post/686429062096355328/list-of-400-kinks-tropes; https://kinksheet.com/; https://tbo.clothing/blogs/talk/kinks-list-2026-a-z-fetishes-psychology
Makeup fetish	Clothing, Gear & Fetishwear	Erotic attraction to makeup, cosmetics, or transformation through makeup.	Low-Moderate		3Fun; Tumblr 400+ list; KinkSheet; TBô 2026 list	https://www.go3fun.co/poly-blog/list-of-kinks/; https://5ummit.tumblr.com/post/686429062096355328/list-of-400-kinks-tropes; https://kinksheet.com/; https://tbo.clothing/blogs/talk/kinks-list-2026-a-z-fetishes-psychology
Underwear / panties fetish	Clothing, Gear & Fetishwear	Erotic attraction to underwear as an object, material, or presentation cue.	Low-Moderate		3Fun; Tumblr 400+ list; KinkSheet; TBô 2026 list	https://www.go3fun.co/poly-blog/list-of-kinks/; https://5ummit.tumblr.com/post/686429062096355328/list-of-400-kinks-tropes; https://kinksheet.com/; https://tbo.clothing/blogs/talk/kinks-list-2026-a-z-fetishes-psychology
Military-uniform fetish	Clothing, Gear & Fetishwear	Erotic attraction to military-style uniforms or authority aesthetics.	Low-Moderate		3Fun; Tumblr 400+ list; KinkSheet; TBô 2026 list	https://www.go3fun.co/poly-blog/list-of-kinks/; https://5ummit.tumblr.com/post/686429062096355328/list-of-400-kinks-tropes; https://kinksheet.com/; https://tbo.clothing/blogs/talk/kinks-list-2026-a-z-fetishes-psychology
Medical-uniform fetish	Clothing, Gear & Fetishwear	Erotic attraction to clinical or medical uniforms as an authority/aesthetic cue.	Low-Moderate		3Fun; Tumblr 400+ list; KinkSheet; TBô 2026 list	https://www.go3fun.co/poly-blog/list-of-kinks/; https://5ummit.tumblr.com/post/686429062096355328/list-of-400-kinks-tropes; https://kinksheet.com/; https://tbo.clothing/blogs/talk/kinks-list-2026-a-z-fetishes-psychology
Flight-attendant / service-uniform fetish	Clothing, Gear & Fetishwear	Erotic attraction to polished service uniforms or structured presentation.	Low-Moderate		3Fun; Tumblr 400+ list; KinkSheet; TBô 2026 list	https://www.go3fun.co/poly-blog/list-of-kinks/; https://5ummit.tumblr.com/post/686429062096355328/list-of-400-kinks-tropes; https://kinksheet.com/; https://tbo.clothing/blogs/talk/kinks-list-2026-a-z-fetishes-psychology
Costume / cosplay fetish	Clothing, Gear & Fetishwear	Erotic attraction to costumes, character dress, or identity transformation through clothing.	Low-Moderate		3Fun; Tumblr 400+ list; KinkSheet; TBô 2026 list	https://www.go3fun.co/poly-blog/list-of-kinks/; https://5ummit.tumblr.com/post/686429062096355328/list-of-400-kinks-tropes; https://kinksheet.com/; https://tbo.clothing/blogs/talk/kinks-list-2026-a-z-fetishes-psychology
Ball gag	Protocol, Bondage & D/s Details	Mouth restraint using a ball-style gag.	Moderate	Communication backup and airway comfort matter.	Tumblr 400+ list; KinkSheet; 3Fun	https://5ummit.tumblr.com/post/686429062096355328/list-of-400-kinks-tropes; https://kinksheet.com/; https://www.go3fun.co/poly-blog/list-of-kinks/
Bit gag	Protocol, Bondage & D/s Details	Mouth restraint using a bar/bit-style gag.	Moderate	Jaw comfort and communication backup matter.	Tumblr 400+ list; KinkSheet; 3Fun	https://5ummit.tumblr.com/post/686429062096355328/list-of-400-kinks-tropes; https://kinksheet.com/; https://www.go3fun.co/poly-blog/list-of-kinks/
Ring gag	Protocol, Bondage & D/s Details	Open-mouth gag using a ring-style frame.	Moderate-High	Jaw strain and airway comfort matter.	Tumblr 400+ list; KinkSheet; 3Fun	https://5ummit.tumblr.com/post/686429062096355328/list-of-400-kinks-tropes; https://kinksheet.com/; https://www.go3fun.co/poly-blog/list-of-kinks/
Tape gag fantasy	Protocol, Bondage & D/s Details	Gagging aesthetic or roleplay using a tape-like mouth covering.	High	Do not obstruct breathing; descriptive catalog entry.	Tumblr 400+ list; KinkSheet; 3Fun	https://5ummit.tumblr.com/post/686429062096355328/list-of-400-kinks-tropes; https://kinksheet.com/; https://www.go3fun.co/poly-blog/list-of-kinks/
Medical / dental gag	Protocol, Bondage & D/s Details	Clinical-style mouth restraint used in medical roleplay or BDSM.	High	Specialty equipment and jaw/airway considerations.	Tumblr 400+ list; KinkSheet; 3Fun	https://5ummit.tumblr.com/post/686429062096355328/list-of-400-kinks-tropes; https://kinksheet.com/; https://www.go3fun.co/poly-blog/list-of-kinks/
Spreader bar	Protocol, Bondage & D/s Details	Rigid restraint device that keeps limbs separated.	Moderate-High	Joint and position monitoring.	Tumblr 400+ list; KinkSheet; 3Fun	https://5ummit.tumblr.com/post/686429062096355328/list-of-400-kinks-tropes; https://kinksheet.com/; https://www.go3fun.co/poly-blog/list-of-kinks/
Straitjacket restraint	Protocol, Bondage & D/s Details	Upper-body immobilization using a straitjacket-style restraint.	High	Advanced immobilization; monitoring and rapid release matter.	Tumblr 400+ list; KinkSheet; 3Fun	https://5ummit.tumblr.com/post/686429062096355328/list-of-400-kinks-tropes; https://kinksheet.com/; https://www.go3fun.co/poly-blog/list-of-kinks/
Wall / cross restraint	Protocol, Bondage & D/s Details	Restraining a person to a wall-mounted or cross-shaped restraint frame.	Moderate-High	Anchor integrity and circulation matter.	Tumblr 400+ list; KinkSheet; 3Fun	https://5ummit.tumblr.com/post/686429062096355328/list-of-400-kinks-tropes; https://kinksheet.com/; https://www.go3fun.co/poly-blog/list-of-kinks/
Encasement bondage	Protocol, Bondage & D/s Details	Extensive enclosure or restriction designed to minimize movement.	High	Heat, circulation, breathing, panic, and release access matter.	Tumblr 400+ list; KinkSheet; 3Fun	https://5ummit.tumblr.com/post/686429062096355328/list-of-400-kinks-tropes; https://kinksheet.com/; https://www.go3fun.co/poly-blog/list-of-kinks/
Verbal 'don't move' bondage	Protocol, Bondage & D/s Details	Obedience-based stillness where the receiver remains unrestrained but agrees not to move.	Low-Moderate	Safety movement always remains allowed.	Tumblr 400+ list; KinkSheet; 3Fun	https://5ummit.tumblr.com/post/686429062096355328/list-of-400-kinks-tropes; https://kinksheet.com/; https://www.go3fun.co/poly-blog/list-of-kinks/
Bathroom-permission protocol	Protocol, Bondage & D/s Details	Power-exchange rule where bathroom access is symbolically permission-based.	Moderate-High	Essential bodily needs must remain accessible; no harmful holding.	Tumblr 400+ list; KinkSheet; 3Fun	https://5ummit.tumblr.com/post/686429062096355328/list-of-400-kinks-tropes; https://kinksheet.com/; https://www.go3fun.co/poly-blog/list-of-kinks/
Hand-feeding	Protocol, Bondage & D/s Details	Being fed by a partner as service, caretaking, control, or pet-play ritual.	Low	Normal nutrition and hydration are never conditional.	Tumblr 400+ list; KinkSheet; 3Fun	https://5ummit.tumblr.com/post/686429062096355328/list-of-400-kinks-tropes; https://kinksheet.com/; https://www.go3fun.co/poly-blog/list-of-kinks/
Human furniture	Protocol, Bondage & D/s Details	Objectification roleplay where a consenting adult acts as furniture or a functional object.	Moderate	Positioning and duration matter.	Tumblr 400+ list; KinkSheet; 3Fun	https://5ummit.tumblr.com/post/686429062096355328/list-of-400-kinks-tropes; https://kinksheet.com/; https://www.go3fun.co/poly-blog/list-of-kinks/
Human auction / appraisal roleplay	Protocol, Bondage & D/s Details	Consensual adult roleplay involving being inspected, rated, or symbolically auctioned.	Moderate-High	Private/consenting spaces only; psychological limits matter.	Tumblr 400+ list; KinkSheet; 3Fun	https://5ummit.tumblr.com/post/686429062096355328/list-of-400-kinks-tropes; https://kinksheet.com/; https://www.go3fun.co/poly-blog/list-of-kinks/
Free-use fantasy	Protocol, Bondage & D/s Details	Pre-negotiated adult fantasy or arrangement centered on broad sexual availability within explicit boundaries.	High	CNC-adjacent; safewords and scope remain absolute.	Tumblr 400+ list; KinkSheet; 3Fun	https://5ummit.tumblr.com/post/686429062096355328/list-of-400-kinks-tropes; https://kinksheet.com/; https://www.go3fun.co/poly-blog/list-of-kinks/
Traffic-light check-in system	Protocol, Bondage & D/s Details	Green/yellow/red communication protocol used during scenes.	Low	Safety/communication tool rather than a kink by itself.	Tumblr 400+ list; KinkSheet; 3Fun	https://5ummit.tumblr.com/post/686429062096355328/list-of-400-kinks-tropes; https://kinksheet.com/; https://www.go3fun.co/poly-blog/list-of-kinks/
Scene negotiation kink	Protocol, Bondage & D/s Details	Enjoyment of the ritual, structure, or anticipation of detailed scene negotiation.	Low	Meta-kink / process interest.	Tumblr 400+ list; KinkSheet; 3Fun	https://5ummit.tumblr.com/post/686429062096355328/list-of-400-kinks-tropes; https://kinksheet.com/; https://www.go3fun.co/poly-blog/list-of-kinks/
D/s contract ritual	Protocol, Bondage & D/s Details	Interest in written agreements, rules, or symbolic contracts within consensual power exchange.	Low-Moderate	Not legally binding; scope remains revocable.	Tumblr 400+ list; KinkSheet; 3Fun	https://5ummit.tumblr.com/post/686429062096355328/list-of-400-kinks-tropes; https://kinksheet.com/; https://www.go3fun.co/poly-blog/list-of-kinks/
Public / witnessed collaring ceremony	Protocol, Bondage & D/s Details	Collaring performed in front of consenting witnesses or community.	Low-Moderate	Privacy and social implications matter.	Tumblr 400+ list; KinkSheet; 3Fun	https://5ummit.tumblr.com/post/686429062096355328/list-of-400-kinks-tropes; https://kinksheet.com/; https://www.go3fun.co/poly-blog/list-of-kinks/
Erotic hypnosis / hypnokink	Psychological, Verbal & Emotional	Consensual trance, suggestion, or hypnotic framing used for erotic or psychological play.	High	Psychological specialty; consent and debriefing matter.	3Fun; TBô 2026 list; Tumblr 400+ list	https://www.go3fun.co/poly-blog/list-of-kinks/; https://tbo.clothing/blogs/talk/kinks-list-2026-a-z-fetishes-psychology; https://5ummit.tumblr.com/post/686429062096355328/list-of-400-kinks-tropes
Mind-control roleplay	Psychological, Verbal & Emotional	Fantasy of irresistible influence, conditioning, or mental control enacted as consensual adult roleplay.	High	Fantasy only; real consent remains intact.	3Fun; TBô 2026 list; Tumblr 400+ list	https://www.go3fun.co/poly-blog/list-of-kinks/; https://tbo.clothing/blogs/talk/kinks-list-2026-a-z-fetishes-psychology; https://5ummit.tumblr.com/post/686429062096355328/list-of-400-kinks-tropes
Brainwashing fantasy	Psychological, Verbal & Emotional	Consensual adult fantasy centered on identity conditioning, rewriting, or indoctrination themes.	High	Fantasy/roleplay; psychologically intense.	3Fun; TBô 2026 list; Tumblr 400+ list	https://www.go3fun.co/poly-blog/list-of-kinks/; https://tbo.clothing/blogs/talk/kinks-list-2026-a-z-fetishes-psychology; https://5ummit.tumblr.com/post/686429062096355328/list-of-400-kinks-tropes
Corruption kink	Psychological, Verbal & Emotional	Adult consensual fantasy of leading someone from innocence/inexperience toward greater willingness or desire.	Moderate-High	Adult roleplay only; distinguish fantasy from real coercion.	3Fun; TBô 2026 list; Tumblr 400+ list	https://www.go3fun.co/poly-blog/list-of-kinks/; https://tbo.clothing/blogs/talk/kinks-list-2026-a-z-fetishes-psychology; https://5ummit.tumblr.com/post/686429062096355328/list-of-400-kinks-tropes
Bimbofication	Psychological, Verbal & Emotional	Adult transformation fantasy involving exaggerated hyper-feminine presentation and simplified/intellectually submissive persona.	Moderate	Adult roleplay; identity boundaries matter.	3Fun; TBô 2026 list; Tumblr 400+ list	https://www.go3fun.co/poly-blog/list-of-kinks/; https://tbo.clothing/blogs/talk/kinks-list-2026-a-z-fetishes-psychology; https://5ummit.tumblr.com/post/686429062096355328/list-of-400-kinks-tropes
Quiet domination	Psychological, Verbal & Emotional	Dominance expressed through calm authority, presence, tone, and subtle direction rather than overt intensity.	Low-Moderate		3Fun; TBô 2026 list; Tumblr 400+ list	https://www.go3fun.co/poly-blog/list-of-kinks/; https://tbo.clothing/blogs/talk/kinks-list-2026-a-z-fetishes-psychology; https://5ummit.tumblr.com/post/686429062096355328/list-of-400-kinks-tropes
Language play / verbal kink	Psychological, Verbal & Emotional	Erotic focus on words, tone, phrasing, praise, teasing, commands, or narrative.	Low-Moderate	Broad umbrella.	3Fun; TBô 2026 list; Tumblr 400+ list	https://www.go3fun.co/poly-blog/list-of-kinks/; https://tbo.clothing/blogs/talk/kinks-list-2026-a-z-fetishes-psychology; https://5ummit.tumblr.com/post/686429062096355328/list-of-400-kinks-tropes
Dirty talk	Psychological, Verbal & Emotional	Erotic verbal communication using explicitly sexual, commanding, praising, or degrading language.	Low-Moderate	Negotiate language limits.	3Fun; TBô 2026 list; Tumblr 400+ list	https://www.go3fun.co/poly-blog/list-of-kinks/; https://tbo.clothing/blogs/talk/kinks-list-2026-a-z-fetishes-psychology; https://5ummit.tumblr.com/post/686429062096355328/list-of-400-kinks-tropes
Isolation fantasy	Psychological, Verbal & Emotional	Psychological fantasy centered on exclusivity, seclusion, or being cut off from distractions with a partner.	Moderate	Keep actual social isolation separate from consensual scene fantasy.	3Fun; TBô 2026 list; Tumblr 400+ list	https://www.go3fun.co/poly-blog/list-of-kinks/; https://tbo.clothing/blogs/talk/kinks-list-2026-a-z-fetishes-psychology; https://5ummit.tumblr.com/post/686429062096355328/list-of-400-kinks-tropes
Psychological-control fantasy	Psychological, Verbal & Emotional	Consensual fantasy centered on influence, guidance, structure, and surrender of selected decisions.	Moderate	Scope must remain explicit and revocable.	3Fun; TBô 2026 list; Tumblr 400+ list	https://www.go3fun.co/poly-blog/list-of-kinks/; https://tbo.clothing/blogs/talk/kinks-list-2026-a-z-fetishes-psychology; https://5ummit.tumblr.com/post/686429062096355328/list-of-400-kinks-tropes
Small-penis humiliation (SPH)	Psychological, Verbal & Emotional	Adult consensual humiliation kink focused on penis size or adequacy.	Moderate-High	Psychological limits and aftercare may matter.	3Fun; TBô 2026 list; Tumblr 400+ list	https://www.go3fun.co/poly-blog/list-of-kinks/; https://tbo.clothing/blogs/talk/kinks-list-2026-a-z-fetishes-psychology; https://5ummit.tumblr.com/post/686429062096355328/list-of-400-kinks-tropes
Competence kink	Psychological, Verbal & Emotional	Erotic interest in intelligence, skill, expertise, authority-through-competence, or performing under scrutiny.	Low-Moderate		3Fun; TBô 2026 list; Tumblr 400+ list	https://www.go3fun.co/poly-blog/list-of-kinks/; https://tbo.clothing/blogs/talk/kinks-list-2026-a-z-fetishes-psychology; https://5ummit.tumblr.com/post/686429062096355328/list-of-400-kinks-tropes
Pet-name kink	Psychological, Verbal & Emotional	Erotic or relational charge from specific names, titles, or affectionate/possessive labels.	Low		3Fun; TBô 2026 list; Tumblr 400+ list	https://www.go3fun.co/poly-blog/list-of-kinks/; https://tbo.clothing/blogs/talk/kinks-list-2026-a-z-fetishes-psychology; https://5ummit.tumblr.com/post/686429062096355328/list-of-400-kinks-tropes
Jealousy play	Psychological, Verbal & Emotional	Consensual exploration of jealousy, rivalry, or possessive emotion within negotiated boundaries.	Moderate-High	Emotionally intense; debriefing can matter.	3Fun; TBô 2026 list; Tumblr 400+ list	https://www.go3fun.co/poly-blog/list-of-kinks/; https://tbo.clothing/blogs/talk/kinks-list-2026-a-z-fetishes-psychology; https://5ummit.tumblr.com/post/686429062096355328/list-of-400-kinks-tropes
Romance / courtly-love kink	Psychological, Verbal & Emotional	Treating elaborate romance, devotion, ritual gestures, or being wooed as the central erotic/relational focus.	Low		3Fun; TBô 2026 list; Tumblr 400+ list	https://www.go3fun.co/poly-blog/list-of-kinks/; https://tbo.clothing/blogs/talk/kinks-list-2026-a-z-fetishes-psychology; https://5ummit.tumblr.com/post/686429062096355328/list-of-400-kinks-tropes
Photographer / model roleplay	Roleplay & Scenario Kinks	One adult directs another's poses or presentation as a photographer/model scenario.	Moderate	Privacy and recording boundaries matter if cameras are used.	3Fun; KinkSheet; Tumblr 400+ list	https://www.go3fun.co/poly-blog/list-of-kinks/; https://kinksheet.com/; https://5ummit.tumblr.com/post/686429062096355328/list-of-400-kinks-tropes
Delivery-person roleplay	Roleplay & Scenario Kinks	Adult service-worker/recipient fantasy using a fictional delivery scenario.	Low-Moderate	Adult roleplay only.	3Fun; KinkSheet; Tumblr 400+ list	https://www.go3fun.co/poly-blog/list-of-kinks/; https://kinksheet.com/; https://5ummit.tumblr.com/post/686429062096355328/list-of-400-kinks-tropes
Celebrity / fan roleplay	Roleplay & Scenario Kinks	Adult fantasy involving status, fame, admiration, or celebrity/fan power difference.	Low-Moderate	Roleplay with consenting adults.	3Fun; KinkSheet; Tumblr 400+ list	https://www.go3fun.co/poly-blog/list-of-kinks/; https://kinksheet.com/; https://5ummit.tumblr.com/post/686429062096355328/list-of-400-kinks-tropes
Cheating fantasy	Roleplay & Scenario Kinks	Partners consensually roleplay infidelity or forbidden attraction without actual betrayal.	Moderate-High	Keep fantasy separate from real agreements.	3Fun; KinkSheet; Tumblr 400+ list	https://www.go3fun.co/poly-blog/list-of-kinks/; https://kinksheet.com/; https://5ummit.tumblr.com/post/686429062096355328/list-of-400-kinks-tropes
Home-invasion fantasy	Roleplay & Scenario Kinks	Adult CNC-style fantasy of an intrusion or break-in scenario.	High	Fantasy/roleplay only; CNC-adjacent and psychologically intense.	3Fun; KinkSheet; Tumblr 400+ list	https://www.go3fun.co/poly-blog/list-of-kinks/; https://kinksheet.com/; https://5ummit.tumblr.com/post/686429062096355328/list-of-400-kinks-tropes
Practical sex-ed roleplay	Roleplay & Scenario Kinks	Adult roleplay where one person teaches or demonstrates sexual knowledge to another.	Low-Moderate	Adult participants only.	3Fun; KinkSheet; Tumblr 400+ list	https://www.go3fun.co/poly-blog/list-of-kinks/; https://kinksheet.com/; https://5ummit.tumblr.com/post/686429062096355328/list-of-400-kinks-tropes
Sleep play / consensual somnophilia	Roleplay & Scenario Kinks	Adult sleep-related fantasy or pre-negotiated play where consent is established while awake.	High	Consent must be negotiated while awake; CNC-adjacent.	3Fun; KinkSheet; Tumblr 400+ list	https://www.go3fun.co/poly-blog/list-of-kinks/; https://kinksheet.com/; https://5ummit.tumblr.com/post/686429062096355328/list-of-400-kinks-tropes
Fake public-use fantasy	Roleplay & Scenario Kinks	Private or controlled roleplay that simulates public sexual availability without involving non-consenting bystanders.	High	Keep bystanders out of the scene.	3Fun; KinkSheet; Tumblr 400+ list	https://www.go3fun.co/poly-blog/list-of-kinks/; https://kinksheet.com/; https://5ummit.tumblr.com/post/686429062096355328/list-of-400-kinks-tropes
Adult incest / taboo-family-role fantasy	Roleplay & Scenario Kinks	Consensual adult taboo roleplay using fictional family-role framing.	High	Adults only; fantasy/roleplay, not abuse.	3Fun; KinkSheet; Tumblr 400+ list	https://www.go3fun.co/poly-blog/list-of-kinks/; https://kinksheet.com/; https://5ummit.tumblr.com/post/686429062096355328/list-of-400-kinks-tropes
Threesome	Group Dynamics & Consensual Non-Monogamy	Consensual sexual or erotic interaction among three adults.	Moderate	Communication, STI, and relationship boundaries.	3Fun; KinkSheet; Tumblr 400+ list	https://www.go3fun.co/poly-blog/list-of-kinks/; https://kinksheet.com/; https://5ummit.tumblr.com/post/686429062096355328/list-of-400-kinks-tropes
Swinging - soft swap	Group Dynamics & Consensual Non-Monogamy	Couples engage with others while keeping some sexual activities exclusive to their primary partner.	Moderate	Definitions vary; agree on boundaries.	3Fun; KinkSheet; Tumblr 400+ list	https://www.go3fun.co/poly-blog/list-of-kinks/; https://kinksheet.com/; https://5ummit.tumblr.com/post/686429062096355328/list-of-400-kinks-tropes
Swinging - full swap	Group Dynamics & Consensual Non-Monogamy	Couples consensually exchange partners for broader sexual activity.	Moderate-High	Communication, STI, and emotional boundaries.	3Fun; KinkSheet; Tumblr 400+ list	https://www.go3fun.co/poly-blog/list-of-kinks/; https://kinksheet.com/; https://5ummit.tumblr.com/post/686429062096355328/list-of-400-kinks-tropes
Cuckolding	Group Dynamics & Consensual Non-Monogamy	Consensual dynamic where one partner is aroused by their partner being sexual with someone else, often with submission or humiliation themes.	Moderate-High	Role meanings vary; emotional boundaries matter.	3Fun; KinkSheet; Tumblr 400+ list	https://www.go3fun.co/poly-blog/list-of-kinks/; https://kinksheet.com/; https://5ummit.tumblr.com/post/686429062096355328/list-of-400-kinks-tropes
Cuckqueaning	Group Dynamics & Consensual Non-Monogamy	Gender-reversed or woman-centered counterpart to cuckolding dynamics.	Moderate-High	Role meanings vary; emotional boundaries matter.	3Fun; KinkSheet; Tumblr 400+ list	https://www.go3fun.co/poly-blog/list-of-kinks/; https://kinksheet.com/; https://5ummit.tumblr.com/post/686429062096355328/list-of-400-kinks-tropes
Stag / vixen dynamic	Group Dynamics & Consensual Non-Monogamy	Consensual sharing dynamic emphasizing pride, compersion, or a partner's desirability rather than humiliation.	Moderate	Relationship agreements matter.	3Fun; KinkSheet; Tumblr 400+ list	https://www.go3fun.co/poly-blog/list-of-kinks/; https://kinksheet.com/; https://5ummit.tumblr.com/post/686429062096355328/list-of-400-kinks-tropes
Hotwifing	Group Dynamics & Consensual Non-Monogamy	Consensual dynamic in which a married/partnered woman has sexual experiences with others with partner knowledge/encouragement.	Moderate-High	Relationship agreements and STI boundaries.	3Fun; KinkSheet; Tumblr 400+ list	https://www.go3fun.co/poly-blog/list-of-kinks/; https://kinksheet.com/; https://5ummit.tumblr.com/post/686429062096355328/list-of-400-kinks-tropes
Gangbang	Group Dynamics & Consensual Non-Monogamy	One consenting adult sexual participant with several consenting adult partners in the same encounter.	High	Complex consent, physical intensity, and STI considerations.	3Fun; KinkSheet; Tumblr 400+ list	https://www.go3fun.co/poly-blog/list-of-kinks/; https://kinksheet.com/; https://5ummit.tumblr.com/post/686429062096355328/list-of-400-kinks-tropes
Orgy / sex-party interest	Group Dynamics & Consensual Non-Monogamy	Interest in consensual sexual environments involving multiple adults.	High	Venue rules, consent, STI, and privacy considerations.	3Fun; KinkSheet; Tumblr 400+ list	https://www.go3fun.co/poly-blog/list-of-kinks/; https://kinksheet.com/; https://5ummit.tumblr.com/post/686429062096355328/list-of-400-kinks-tropes
Same-room sex	Group Dynamics & Consensual Non-Monogamy	Multiple couples or partners have sex in the same room while remaining with their own partners.	Moderate	All observers/participants must consent.	3Fun; KinkSheet; Tumblr 400+ list	https://www.go3fun.co/poly-blog/list-of-kinks/; https://kinksheet.com/; https://5ummit.tumblr.com/post/686429062096355328/list-of-400-kinks-tropes
Group masturbation	Group Dynamics & Consensual Non-Monogamy	Multiple consenting adults masturbate together or in view of one another.	Moderate	Privacy and consent.	3Fun; KinkSheet; Tumblr 400+ list	https://www.go3fun.co/poly-blog/list-of-kinks/; https://kinksheet.com/; https://5ummit.tumblr.com/post/686429062096355328/list-of-400-kinks-tropes
Guest-star / invited-third dynamic	Group Dynamics & Consensual Non-Monogamy	A couple consensually invites another adult while intentionally preserving the third person's autonomy and boundaries.	Moderate	Avoid treating a third person as a prop.	3Fun; KinkSheet; Tumblr 400+ list	https://www.go3fun.co/poly-blog/list-of-kinks/; https://kinksheet.com/; https://5ummit.tumblr.com/post/686429062096355328/list-of-400-kinks-tropes
Open-relationship interest	Group Dynamics & Consensual Non-Monogamy	Interest in consensual non-monogamy where partners may form outside sexual or romantic connections.	Moderate	Relationship structure rather than a kink for everyone.	3Fun; KinkSheet; Tumblr 400+ list	https://www.go3fun.co/poly-blog/list-of-kinks/; https://kinksheet.com/; https://5ummit.tumblr.com/post/686429062096355328/list-of-400-kinks-tropes
Non-monogamy / multi-partner interest	Group Dynamics & Consensual Non-Monogamy	Broad interest in consensual romantic or sexual connection involving more than two adults.	Moderate	Umbrella relationship orientation / interest.	3Fun; KinkSheet; Tumblr 400+ list	https://www.go3fun.co/poly-blog/list-of-kinks/; https://kinksheet.com/; https://5ummit.tumblr.com/post/686429062096355328/list-of-400-kinks-tropes
Harem fantasy	Group Dynamics & Consensual Non-Monogamy	Fantasy of one person receiving attention from multiple consenting adult partners.	Moderate	Fantasy or consensual group dynamic.	3Fun; KinkSheet; Tumblr 400+ list	https://www.go3fun.co/poly-blog/list-of-kinks/; https://kinksheet.com/; https://5ummit.tumblr.com/post/686429062096355328/list-of-400-kinks-tropes
Glory-hole fantasy	Group Dynamics & Consensual Non-Monogamy	Erotic interest in anonymous-seeming sexual contact through a barrier while identities/visibility are reduced.	High	Consent, STI, and venue/legal considerations.	3Fun; KinkSheet; Tumblr 400+ list	https://www.go3fun.co/poly-blog/list-of-kinks/; https://kinksheet.com/; https://5ummit.tumblr.com/post/686429062096355328/list-of-400-kinks-tropes
Transformation fantasy	Surreal, Transformation & Fictional Fantasy	Fantasy of bodily, identity, gender, species, or role transformation.	Low	Fictional/surreal.	KinkSheet; Tumblr 400+ list; TBô 2026 list	https://kinksheet.com/; https://5ummit.tumblr.com/post/686429062096355328/list-of-400-kinks-tropes; https://tbo.clothing/blogs/talk/kinks-list-2026-a-z-fetishes-psychology
Body-swap fantasy	Surreal, Transformation & Fictional Fantasy	Fantasy in which people exchange bodies or identities.	Low	Fictional/surreal.	KinkSheet; Tumblr 400+ list; TBô 2026 list	https://kinksheet.com/; https://5ummit.tumblr.com/post/686429062096355328/list-of-400-kinks-tropes; https://tbo.clothing/blogs/talk/kinks-list-2026-a-z-fetishes-psychology
Alien fantasy	Surreal, Transformation & Fictional Fantasy	Adult fantasy involving extraterrestrial or nonhuman partners/characters.	Low-Moderate	Fictional adult fantasy.	KinkSheet; Tumblr 400+ list; TBô 2026 list	https://kinksheet.com/; https://5ummit.tumblr.com/post/686429062096355328/list-of-400-kinks-tropes; https://tbo.clothing/blogs/talk/kinks-list-2026-a-z-fetishes-psychology
Tentacle fantasy	Surreal, Transformation & Fictional Fantasy	Adult fantasy involving fictional tentacles or nonhuman anatomy.	Moderate	Fictional adult fantasy.	KinkSheet; Tumblr 400+ list; TBô 2026 list	https://kinksheet.com/; https://5ummit.tumblr.com/post/686429062096355328/list-of-400-kinks-tropes; https://tbo.clothing/blogs/talk/kinks-list-2026-a-z-fetishes-psychology
Furry / anthropomorphic fantasy	Surreal, Transformation & Fictional Fantasy	Adult fantasy or attraction involving adult anthropomorphic characters.	Low-Moderate	Adult characters only.	KinkSheet; Tumblr 400+ list; TBô 2026 list	https://kinksheet.com/; https://5ummit.tumblr.com/post/686429062096355328/list-of-400-kinks-tropes; https://tbo.clothing/blogs/talk/kinks-list-2026-a-z-fetishes-psychology
Oviposition fantasy	Surreal, Transformation & Fictional Fantasy	Fictional adult fantasy involving egg-laying or eggs as a reproductive-surreal theme.	Moderate	Fantasy-only.	KinkSheet; Tumblr 400+ list; TBô 2026 list	https://kinksheet.com/; https://5ummit.tumblr.com/post/686429062096355328/list-of-400-kinks-tropes; https://tbo.clothing/blogs/talk/kinks-list-2026-a-z-fetishes-psychology
Vore fantasy	Surreal, Transformation & Fictional Fantasy	Fictional fantasy involving swallowing/being swallowed as a surreal size/predation theme.	Moderate-High	Fantasy-only; not real-world harm.	KinkSheet; Tumblr 400+ list; TBô 2026 list	https://kinksheet.com/; https://5ummit.tumblr.com/post/686429062096355328/list-of-400-kinks-tropes; https://tbo.clothing/blogs/talk/kinks-list-2026-a-z-fetishes-psychology
Alpha / beta / omega (Omegaverse) fantasy	Surreal, Transformation & Fictional Fantasy	Fiction-derived role and biological hierarchy fantasy often involving dominance, scent, heats, or bonding tropes.	Moderate	Adult fictional fantasy.	KinkSheet; Tumblr 400+ list; TBô 2026 list	https://kinksheet.com/; https://5ummit.tumblr.com/post/686429062096355328/list-of-400-kinks-tropes; https://tbo.clothing/blogs/talk/kinks-list-2026-a-z-fetishes-psychology
Knotting fantasy	Surreal, Transformation & Fictional Fantasy	Fictional adult fantasy involving nonhuman sexual anatomy associated with some fantasy/monster genres.	Moderate	Fictional adult fantasy.	KinkSheet; Tumblr 400+ list; TBô 2026 list	https://kinksheet.com/; https://5ummit.tumblr.com/post/686429062096355328/list-of-400-kinks-tropes; https://tbo.clothing/blogs/talk/kinks-list-2026-a-z-fetishes-psychology
Daily praise dynamic	Relational & Lifestyle Dynamics	Ongoing praise and affirmation used as a deliberate relational or D/s practice outside individual scenes.	Low-Moderate	Adult consensual relational dynamic.	3Fun; KinkSheet; TBô 2026 list	https://www.go3fun.co/poly-blog/list-of-kinks/; https://kinksheet.com/; https://tbo.clothing/blogs/talk/kinks-list-2026-a-z-fetishes-psychology
Morning / night protocol	Relational & Lifestyle Dynamics	Repeated daily ritual, greeting, check-in, or task that reinforces a relationship dynamic.	Low-Moderate	Adult consensual relational dynamic.	3Fun; KinkSheet; TBô 2026 list	https://www.go3fun.co/poly-blog/list-of-kinks/; https://kinksheet.com/; https://tbo.clothing/blogs/talk/kinks-list-2026-a-z-fetishes-psychology
Daily rules & tasks	Relational & Lifestyle Dynamics	Ongoing assignment and reporting of agreed daily rules or tasks within D/s.	Low-Moderate	Adult consensual relational dynamic.	3Fun; KinkSheet; TBô 2026 list	https://www.go3fun.co/poly-blog/list-of-kinks/; https://kinksheet.com/; https://tbo.clothing/blogs/talk/kinks-list-2026-a-z-fetishes-psychology
Devotion & worship dynamic	Relational & Lifestyle Dynamics	Relational focus on reverence, adoration, service, or symbolic devotion to a partner.	Low-Moderate	Adult consensual relational dynamic.	3Fun; KinkSheet; TBô 2026 list	https://www.go3fun.co/poly-blog/list-of-kinks/; https://kinksheet.com/; https://tbo.clothing/blogs/talk/kinks-list-2026-a-z-fetishes-psychology
