Source Sheet	Source File	Source Row	Category	Idea	Description / Sensation	Mechanism / Why It Might Hit	Predicted Fit	Suggested Intensity (1-3)	Safety / Structure Note	Notes
Creative Pain 100	jackie_creative_punishment_100.csv	2	Impact	Hand spanking with counting	warm sting	counting + accountability		2	Keep force moderate and away from joints/spine.	
Creative Pain 100	jackie_creative_punishment_100.csv	3	Impact	Leather strap over clothing	broad sting	sound + anticipation		2	Use known safe impact zones.	
Creative Pain 100	jackie_creative_punishment_100.csv	4	Impact	Soft leather paddle	sting + light thud	formal discipline vibe		2	Easy to modulate.	
Creative Pain 100	jackie_creative_punishment_100.csv	5	Impact	Wooden paddle	deeper thud + sting	ritualized punishment		3	Intensity ramps quickly; use conservative force.	
Creative Pain 100	jackie_creative_punishment_100.csv	6	Impact	Hairbrush spanking	dense sting	classic disciplinary association		2-3	Avoid bony areas.	
Creative Pain 100	jackie_creative_punishment_100.csv	7	Impact	Wooden spoon taps	small sharp sting	domestic punishment vibe		2	Use light, controlled taps.	
Creative Pain 100	jackie_creative_punishment_100.csv	8	Impact	Riding crop taps	focused sting	precision + anticipation		2	Use only on agreed safe areas.	
Creative Pain 100	jackie_creative_punishment_100.csv	9	Impact	Slapper impacts	fast sting + noise	sound amplifies anticipation		2	Noise can make it feel harsher than it is.	
Creative Pain 100	jackie_creative_punishment_100.csv	10	Impact	Alternating hand and paddle	contrast of warm sting/thud	uncertainty		2-3	Keep overall intensity bounded.	
Creative Pain 100	jackie_creative_punishment_100.csv	11	Impact	Alternating sting and thud implements	sensory contrast	keeps body guessing		3	Pre-approve implements.	
Creative Pain 100	jackie_creative_punishment_100.csv	12	Impact	Slow-count impact set	building sting	anticipation between strikes		2-3	Known maximum count.	
Creative Pain 100	jackie_creative_punishment_100.csv	13	Impact	Random-pause impact set	sting	unpredictable timing		2-3	Bounded number and duration.	
Creative Pain 100	jackie_creative_punishment_100.csv	14	Impact	Three-strikes-then-freeze pattern	impact + after-sting	must regain stillness		2-3	Safewords always override stillness.	
Creative Pain 100	jackie_creative_punishment_100.csv	15	Impact	Impact then immediate posture reset	sting + composure challenge	obedience after pain		3	Use moderate intensity.	
Creative Pain 100	jackie_creative_punishment_100.csv	16	Impact	Impact with eye contact	sting	vulnerability + attention		2-3	Easy opt-out if emotionally intense.	
Creative Pain 100	jackie_creative_punishment_100.csv	17	Impact	Silent impact round	sting/thud	serious ritual tone		2-3	Keep communication channel for safety.	
Creative Pain 100	jackie_creative_punishment_100.csv	18	Impact	Impact followed by counted breaths	after-sting	composure + ritual		2	No breath restriction; just normal breathing.	
Creative Pain 100	jackie_creative_punishment_100.csv	19	Impact	Impact only after correct response	sting	attention + accountability		2-3	Questions should be simple, not interrogative.	
Creative Pain 100	jackie_creative_punishment_100.csv	20	Impact	Impact after a waiting period	anticipation	delay increases psychological weight		2	Use a known maximum wait.	
Creative Pain 100	jackie_creative_punishment_100.csv	21	Impact	Mystery approved implement	varied	uncertainty without surprise limits		2-3	Draw only from pre-consented options.	
Creative Pain 100	jackie_creative_punishment_100.csv	22	Localized Pain	Firm pinching	sharp localized pressure	precision + control		2	Avoid nerves, bruised skin, and fragile areas.	
Creative Pain 100	jackie_creative_punishment_100.csv	23	Localized Pain	Sustained pinch hold	ache + pressure	endurance		2-3	Short duration; stop for numbness.	
Creative Pain 100	jackie_creative_punishment_100.csv	24	Localized Pain	Fingernail pinch	narrow sharp pressure	small but intense correction		2	Avoid breaking skin.	
Creative Pain 100	jackie_creative_punishment_100.csv	25	Localized Pain	Clothespins on agreed low-risk areas	sustained pinch	anticipation + removal sensitivity		2-3	Monitor color/circulation; keep duration short.	
Creative Pain 100	jackie_creative_punishment_100.csv	26	Localized Pain	Single clothespin endurance hold	focused pinch	stillness		2	Short, monitored interval.	
Creative Pain 100	jackie_creative_punishment_100.csv	27	Localized Pain	Pinch-and-release rhythm	sharp bursts	counting + anticipation		2	Easy to modulate.	
Creative Pain 100	jackie_creative_punishment_100.csv	28	Localized Pain	Flicking	tiny sharp sting	annoyance + repetition		1-2	Avoid face/eyes and vulnerable tissue.	
Creative Pain 100	jackie_creative_punishment_100.csv	29	Localized Pain	Rubber-band snap on safe fleshy area	quick sting	sudden correction		1-2	Do not use on face, genitals, or compromised skin.	
Creative Pain 100	jackie_creative_punishment_100.csv	30	Localized Pain	Firm brush strokes	prickly sting	repetitive sensory correction		2	Use skin-safe brush, stop before irritation.	
Creative Pain 100	jackie_creative_punishment_100.csv	31	Localized Pain	Pinwheel on agreed skin areas	prickly sharp sensation	anticipation + focus		2	Avoid broken skin and delicate areas.	
Creative Pain 100	jackie_creative_punishment_100.csv	32	Localized Pain	Scratching without breaking skin	surface sting	control + immediacy		2	Keep nails smooth and skin intact.	
Creative Pain 100	jackie_creative_punishment_100.csv	33	Localized Pain	Scratch-and-freeze	surface sting	react-vs-obey tension		2-3	Safewords and necessary movement exempt.	
Creative Pain 100	jackie_creative_punishment_100.csv	34	Localized Pain	Bite-and-release	pressure + sharpness	control + immediacy		2	Do not break skin; avoid vulnerable anatomy.	
Creative Pain 100	jackie_creative_punishment_100.csv	35	Localized Pain	Bite-and-hold briefly	pressure + ache	stillness + control		2-3	Short duration; no tissue damage.	
Creative Pain 100	jackie_creative_punishment_100.csv	36	Localized Pain	Hair pulling close to scalp	scalp tension	control + posture		2	Pull close to scalp, not from hair ends.	
Creative Pain 100	jackie_creative_punishment_100.csv	37	Localized Pain	Hair-pull posture cue	scalp tension	physical guidance + obedience		2	No neck jerking.	
Creative Pain 100	jackie_creative_punishment_100.csv	38	Localized Pain	Firm grip squeeze on fleshy area	deep localized pressure	controlled discomfort		2	Avoid nerves/joints and numbness.	
Creative Pain 100	jackie_creative_punishment_100.csv	39	Localized Pain	Repeated light snaps to one safe area	accumulating sting	builds sensation gradually		2	Stop before skin damage.	
Creative Pain 100	jackie_creative_punishment_100.csv	40	Localized Pain	Pinch while maintaining eye contact	sharp pressure	vulnerability + composure		2-3	Bounded duration.	
Creative Pain 100	jackie_creative_punishment_100.csv	41	Localized Pain	Alternating pinch locations	sharp contrast	uncertainty		2	Stay within pre-approved areas.	
Creative Pain 100	jackie_creative_punishment_100.csv	42	Endurance	Wall sit	muscle burn	hold-until-released obedience		2	Short intervals; stop for joint pain/dizziness.	
Creative Pain 100	jackie_creative_punishment_100.csv	43	Endurance	Wall sit with visible timer	muscle burn	watching the clock		2	Known endpoint.	
Creative Pain 100	jackie_creative_punishment_100.csv	44	Endurance	Wall sit with hidden timer and known max	muscle burn	bounded uncertainty		2-3	Maximum stated in advance.	
Creative Pain 100	jackie_creative_punishment_100.csv	45	Endurance	Slow squat hold	thigh burn	stillness + discipline		2	Avoid if knees are unhappy.	
Creative Pain 100	jackie_creative_punishment_100.csv	46	Endurance	Plank hold	full-body burn	endurance + focus		2	Use proper form and short intervals.	
Creative Pain 100	jackie_creative_punishment_100.csv	47	Endurance	Forearm plank with counting task	full-body burn	cognitive load		2-3	Stop for sharp pain.	
Creative Pain 100	jackie_creative_punishment_100.csv	48	Endurance	Arms-out hold	shoulder burn	composure + obedience		2	No heavy weights; protect shoulders.	
Creative Pain 100	jackie_creative_punishment_100.csv	49	Endurance	Arms-out hold with light book	muscle fatigue	added ritual		2	Keep load light.	
Creative Pain 100	jackie_creative_punishment_100.csv	50	Endurance	Book held at chest height	arm burn	formal correction vibe		2	Short duration.	
Creative Pain 100	jackie_creative_punishment_100.csv	51	Endurance	Book held overhead	shoulder burn	endurance + obedience		2	Light object only; avoid shoulder strain.	
Creative Pain 100	jackie_creative_punishment_100.csv	52	Endurance	Tiptoe hold against wall	calf burn + balance	annoying obedience		2	Use wall support.	
Creative Pain 100	jackie_creative_punishment_100.csv	53	Endurance	Static lunge hold	leg burn	discipline + balance		2	Keep knee alignment safe.	
Creative Pain 100	jackie_creative_punishment_100.csv	54	Endurance	Chair hover	thigh burn	controlled discomfort		2	Use nearby support.	
Creative Pain 100	jackie_creative_punishment_100.csv	55	Endurance	Kneeling posture on safe surface	pressure + stillness	ritual + submission		1-2	Protect knees; no sharp surfaces.	
Creative Pain 100	jackie_creative_punishment_100.csv	56	Endurance	Kneeling with hands placed as instructed	pressure + posture	obedience + ritual		2	Avoid painful shoulder positions.	
Creative Pain 100	jackie_creative_punishment_100.csv	57	Endurance	Kneel then stand only on permission	pressure + anticipation	loss of choice		2	Known max duration.	
Creative Pain 100	jackie_creative_punishment_100.csv	58	Endurance	Hold a light object in outstretched hands	arm burn	precision + endurance		2	Lightweight only.	
Creative Pain 100	jackie_creative_punishment_100.csv	59	Endurance	Balance a soft object on head while standing	posture fatigue	restart-if-it-falls game		1-2	Use harmless object.	
Creative Pain 100	jackie_creative_punishment_100.csv	60	Endurance	Static posture after impact	muscle fatigue + after-sting	composure		2-3	Keep posture reasonable.	
Creative Pain 100	jackie_creative_punishment_100.csv	61	Endurance	Short staircase of posture holds	varied muscle burn	progressive ritual		2	Keep total duration modest.	
Creative Pain 100	jackie_creative_punishment_100.csv	62	Obedience	Don't-move drill	stillness under urge to react	lizard brain vs chosen obedience		2	Safewords/necessary movement always override.	
Creative Pain 100	jackie_creative_punishment_100.csv	63	Obedience	Permission required to shift position	loss of control	micro-obedience		2	Time-bounded.	
Creative Pain 100	jackie_creative_punishment_100.csv	64	Obedience	Permission required to speak	verbal restraint	focus + control		2	Safety communication always unrestricted.	
Creative Pain 100	jackie_creative_punishment_100.csv	65	Obedience	Hands-on-head posture	mild shoulder fatigue	visible submission		1-2	Short intervals.	
Creative Pain 100	jackie_creative_punishment_100.csv	66	Obedience	Hands-behind-back posture	postural tension	formal obedience		1-2	Do not force shoulders.	
Creative Pain 100	jackie_creative_punishment_100.csv	67	Obedience	Eyes-forward stance	stillness	composure		1	Low-risk ritual element.	
Creative Pain 100	jackie_creative_punishment_100.csv	68	Obedience	Hold eye contact during correction	psychological intensity	attention + vulnerability		2	Easy opt-out.	
Creative Pain 100	jackie_creative_punishment_100.csv	69	Obedience	Count each impact aloud	attention under pain	ritual + accountability		2-3	Pre-agreed physical play only.	
Creative Pain 100	jackie_creative_punishment_100.csv	70	Obedience	Count backward through impacts	cognitive load + sting	harder concentration		3	Keep arithmetic simple.	
Creative Pain 100	jackie_creative_punishment_100.csv	71	Obedience	Repeat a short acknowledgment after each count	ritual	behavior-focused correction		2	Avoid identity-shaming language.	
Creative Pain 100	jackie_creative_punishment_100.csv	72	Obedience	Recite the relevant rule while holding posture	muscle burn + verbal focus	ties sensation to behavior		2-3	Keep wording concise.	
Creative Pain 100	jackie_creative_punishment_100.csv	73	Obedience	Respond only with agreed short answers	structured control	loss of conversational freedom		1-2	Safewords exempt.	
Creative Pain 100	jackie_creative_punishment_100.csv	74	Obedience	Complete a three-command sequence	precision	must listen carefully		1-2	Keep achievable, not trick-based.	
Creative Pain 100	jackie_creative_punishment_100.csv	75	Obedience	Restart posture timer if voluntary fidgeting occurs	muscle burn	stillness challenge		2	Cap restarts so it cannot become endless.	
Creative Pain 100	jackie_creative_punishment_100.csv	76	Obedience	Return to position after each impact	after-sting + movement control	composure		2-3	No forced movement through injury.	
Creative Pain 100	jackie_creative_punishment_100.csv	77	Obedience	Ask permission before scratching an itch	minor frustration	micro-control		1	Short windows only.	
Creative Pain 100	jackie_creative_punishment_100.csv	78	Obedience	Ask permission before sitting down	mild inconvenience	temporary power shift		1	Never applies to safety/medical needs.	
Creative Pain 100	jackie_creative_punishment_100.csv	79	Obedience	Stay in designated spot until dismissed	anticipation	authority + containment		1-2	Known maximum duration.	
Creative Pain 100	jackie_creative_punishment_100.csv	80	Obedience	Carry out one exact service instruction	mild effort	precision + restitution		1	Keep task reasonable.	
Creative Pain 100	jackie_creative_punishment_100.csv	81	Obedience	Formal kneel-wait-dismiss ritual	pressure + stillness	clear disciplinary arc		2	Include explicit end/release.	
Creative Pain 100	jackie_creative_punishment_100.csv	82	Psychological	Visible countdown timer	anticipation	watching consequence approach/end		1-2	Known endpoint.	
Creative Pain 100	jackie_creative_punishment_100.csv	83	Psychological	Hidden timer with known maximum	uncertainty	bounded anticipation		2	Maximum explicit beforehand.	
Creative Pain 100	jackie_creative_punishment_100.csv	84	Psychological	Wait in position before consequence	anticipation	not knowing exact start moment		2	Short pre-agreed window.	
Creative Pain 100	jackie_creative_punishment_100.csv	85	Psychological	Mystery punishment from approved list	uncertainty	surrendered choice		2-3	Only pre-consented options.	
Creative Pain 100	jackie_creative_punishment_100.csv	86	Psychological	Taylor chooses from three approved options	anticipation	loss of choice		2	All three must be acceptable.	
Creative Pain 100	jackie_creative_punishment_100.csv	87	Psychological	Jackie chooses one of three approved options	self-selection	accountability + commitment		2	No coercive 'bad choice' framing.	
Creative Pain 100	jackie_creative_punishment_100.csv	88	Psychological	Write a short reflection before release	mental effort	links consequence to behavior		1-2	Keep it concise.	
Creative Pain 100	jackie_creative_punishment_100.csv	89	Psychological	Write lines tied to the actual rule	repetition	corrective ritual		1	Avoid excessive volume.	
Creative Pain 100	jackie_creative_punishment_100.csv	90	Psychological	Read reflection aloud	vulnerability	accountability		2	Skip if emotionally overwhelming.	
Creative Pain 100	jackie_creative_punishment_100.csv	91	Psychological	State what happened without explanation first	directness	separates fact from justification		1-2	Follow with context afterward.	
Creative Pain 100	jackie_creative_punishment_100.csv	92	Psychological	State one concrete next-time plan	closure	behavior-focused correction		1	Useful end ritual.	
Creative Pain 100	jackie_creative_punishment_100.csv	93	Psychological	Listen to a pre-agreed corrective recording while still	immersive focus	voice + containment		3	No identity attacks; immediate stop option.	
Creative Pain 100	jackie_creative_punishment_100.csv	94	Psychological	Blindfold during a mild punishment	amplified anticipation	uncertainty + sensory narrowing		2-3	Maintain easy stop signal.	
Creative Pain 100	jackie_creative_punishment_100.csv	95	Psychological	Headphones with non-startling audio during posture hold	isolation + focus	immersion		2	Do not block emergency communication.	
Creative Pain 100	jackie_creative_punishment_100.csv	96	Psychological	Silent correction period	serious tone	removes banter		2	Keep safety communication open.	
Creative Pain 100	jackie_creative_punishment_100.csv	97	Psychological	Formal inspection after punishment	vulnerability	closure + acknowledgment		2	Behavior-focused.	
Creative Pain 100	jackie_creative_punishment_100.csv	98	Psychological	Formal statement that punishment is complete	relief	clear emotional closure		1	Prevents lingering 'still in trouble' feeling.	
Creative Pain 100	jackie_creative_punishment_100.csv	99	Psychological	Delayed reward after consequence	frustration + anticipation	contrast		1	Short, bounded delay.	
Creative Pain 100	jackie_creative_punishment_100.csv	100	Psychological	Temporary loss of one small choice	minor aversion	authority transfer		1	Not food, medicine, sleep, hygiene, or necessities.	
Creative Pain 100	jackie_creative_punishment_100.csv	101	Psychological	Correction card drawn from approved deck	uncertainty	ritualized randomness		1-2	Deck pre-screened together.	
Nontraditional 100	jackie_nontraditional_punishment_100.csv	2	Asymmetry	One sock on, one sock off		Persistent body asymmetry	High		Short, bounded duration; remove immediately if distress stops being playful.	
Nontraditional 100	jackie_nontraditional_punishment_100.csv	3	Asymmetry	One sleeve rolled up, one sleeve down		Uneven skin/clothing sensation	Medium		No circulation restriction.	
Nontraditional 100	jackie_nontraditional_punishment_100.csv	4	Asymmetry	One pant leg cuffed, one uncuffed		Visual + tactile imbalance	Medium		Keep walking-safe.	
Nontraditional 100	jackie_nontraditional_punishment_100.csv	5	Asymmetry	One shoe on, one shoe off while seated		Uneven foot sensation	High		Seated only; no walking.	
Nontraditional 100	jackie_nontraditional_punishment_100.csv	6	Asymmetry	One ankle covered, one exposed		Temperature/tactile mismatch	Medium		Keep room temperature comfortable.	
Nontraditional 100	jackie_nontraditional_punishment_100.csv	7	Asymmetry	One hand gloved, one bare		Different texture/temperature on each hand	Medium		Use breathable glove; short duration.	
Nontraditional 100	jackie_nontraditional_punishment_100.csv	8	Asymmetry	Hair tucked behind only one ear		Persistent 'wrong side' awareness	Low-Medium		Easy reset afterward.	
Nontraditional 100	jackie_nontraditional_punishment_100.csv	9	Asymmetry	One cuff buttoned, one unbuttoned		Clothing mismatch	Low-Medium		Avoid anything tight.	
Nontraditional 100	jackie_nontraditional_punishment_100.csv	10	Asymmetry	Blanket tucked tightly on one side and loose on the other		Uneven pressure	Medium		No breathing restriction.	
Nontraditional 100	jackie_nontraditional_punishment_100.csv	11	Asymmetry	Sit with one foot on a soft mat and one on bare floor		Uneven sensory input	Medium		Stable seated position.	
Nontraditional 100	jackie_nontraditional_punishment_100.csv	12	Asymmetry	One wrist wearing a soft band, the other bare		One-sided awareness	Low-Medium		Loose enough for normal circulation.	
Nontraditional 100	jackie_nontraditional_punishment_100.csv	13	Asymmetry	One side of hair brushed neatly, the other left messy		Visual/tactile incompleteness	Medium		No painful tangles.	
Nontraditional 100	jackie_nontraditional_punishment_100.csv	14	Asymmetry	One side gets lotion, the other stays dry		Texture contrast	Medium		Use skin-safe lotion.	
Nontraditional 100	jackie_nontraditional_punishment_100.csv	15	Asymmetry	One hand clean, one intentionally slightly sticky		One-sided residue mismatch	High		Use food-safe, non-irritating substance.	
Nontraditional 100	jackie_nontraditional_punishment_100.csv	16	Asymmetry	One side of a pillow/blanket arranged perfectly, the other intentionally rumpled		Visual + tactile mismatch	Medium		Keep sleep itself out of punishment.	
Nontraditional 100	jackie_nontraditional_punishment_100.csv	17	Asymmetry	One sock pulled perfectly smooth, the other slightly bunched		Localized fabric wrongness	High		No constriction; short duration.	
Nontraditional 100	jackie_nontraditional_punishment_100.csv	18	Asymmetry	One sleeve cuffed neatly, the other crooked		Visual/tactile mismatch	Medium		Keep comfortable.	
Nontraditional 100	jackie_nontraditional_punishment_100.csv	19	Asymmetry	One side of a hoodie zipped/arranged 'right,' the other slightly off		Persistent asymmetry cue	Medium		No choking/neck pressure.	
Nontraditional 100	jackie_nontraditional_punishment_100.csv	20	Asymmetry	Only one side receives agreed impact		Physical imbalance / incompleteness	High		Use conservative impact; asymmetry should do the work, not excess force.	
Nontraditional 100	jackie_nontraditional_punishment_100.csv	21	Asymmetry	Only one thigh receives agreed pinching/scratching		One-sided after-sensation	High		Stay within negotiated low-risk areas; no skin damage.	
Nontraditional 100	jackie_nontraditional_punishment_100.csv	22	Incompleteness	Start folding a towel perfectly, then stop halfway		Completion itch	Medium		Leave only briefly.	
Nontraditional 100	jackie_nontraditional_punishment_100.csv	23	Incompleteness	Align three objects, leave the fourth visibly crooked		Visual incompleteness	Medium		Harmless household objects only.	
Nontraditional 100	jackie_nontraditional_punishment_100.csv	24	Incompleteness	Make the bed except for one intentionally wrinkled corner		Unresolved visual imperfection	Medium		Not during actual bedtime.	
Nontraditional 100	jackie_nontraditional_punishment_100.csv	25	Incompleteness	Sort a small set by category, leave one item deliberately misplaced		Classification itch	Medium		Tiny, bounded task.	
Nontraditional 100	jackie_nontraditional_punishment_100.csv	26	Incompleteness	Begin organizing a drawer, then stop with one section unfinished		Interrupted completion	High		Use a small area so it doesn't create real household burden.	
Nontraditional 100	jackie_nontraditional_punishment_100.csv	27	Incompleteness	Stack objects neatly except one rotated 90 degrees		Pattern violation	Medium		Stable, non-breakable objects.	
Nontraditional 100	jackie_nontraditional_punishment_100.csv	28	Incompleteness	Set a table with one item intentionally off-center		Visual wrongness	Low-Medium		Keep it playful.	
Nontraditional 100	jackie_nontraditional_punishment_100.csv	29	Incompleteness	Arrange cards in order, then leave one out of sequence		Pattern disruption	Medium		Small deck only.	
Nontraditional 100	jackie_nontraditional_punishment_100.csv	30	Incompleteness	Complete a checklist except one harmless item stays unchecked until release		Open-loop tension	High		Never use medication, hygiene, food, or safety tasks.	
Nontraditional 100	jackie_nontraditional_punishment_100.csv	31	Incompleteness	Write a neat list but leave one bullet unfinished		Language/completion itch	Medium		Short duration.	
Nontraditional 100	jackie_nontraditional_punishment_100.csv	32	Incompleteness	Clean a surface but leave one harmless spot untouched		Visual unfinishedness	Medium		Not unsanitary mess.	
Nontraditional 100	jackie_nontraditional_punishment_100.csv	33	Incompleteness	Match pairs of objects and leave one intentionally unmatched		Pairing asymmetry	Medium		Small set.	
Nontraditional 100	jackie_nontraditional_punishment_100.csv	34	Incompleteness	Put away every item except one left conspicuously out		Completion denial	Medium		Harmless item, known endpoint.	
Nontraditional 100	jackie_nontraditional_punishment_100.csv	35	Incompleteness	Start a tiny puzzle and stop one piece before completion		Near-completion frustration	High		Use a very small puzzle.	
Nontraditional 100	jackie_nontraditional_punishment_100.csv	36	Incompleteness	Button a shirt but leave one harmless middle button undone		Pattern violation	Medium		No wardrobe malfunction risk.	
Nontraditional 100	jackie_nontraditional_punishment_100.csv	37	Incompleteness	Tie one shoelace neatly and leave the other loose while seated		Unfinished pair	Medium		Seated only.	
Nontraditional 100	jackie_nontraditional_punishment_100.csv	38	Incompleteness	Make a symmetrical pattern then deliberately remove one piece		Broken symmetry	High		Use non-fragile pieces.	
Nontraditional 100	jackie_nontraditional_punishment_100.csv	39	Incompleteness	Organize pens by color but leave one in the wrong group		Classification disruption	Medium		Tiny setup.	
Nontraditional 100	jackie_nontraditional_punishment_100.csv	40	Incompleteness	Arrange pillows neatly except one rotated wrong		Visual/tactile mismatch	Medium		No interference with sleep.	
Nontraditional 100	jackie_nontraditional_punishment_100.csv	41	Incompleteness	Stop a repetitive task one repetition before the satisfying endpoint		Interrupted rhythm	High		Use harmless, short tasks.	
Nontraditional 100	jackie_nontraditional_punishment_100.csv	42	Sensory Wrongness	Step barefoot on peeled grapes in a contained tray		Wet + yielding + unpredictable squish	High		Non-slip setup; seated support nearby; clean immediately after.	
Nontraditional 100	jackie_nontraditional_punishment_100.csv	43	Sensory Wrongness	Hold peeled grapes and gently squash them by hand		Wet squish + residue	High		Food-safe, short duration.	
Nontraditional 100	jackie_nontraditional_punishment_100.csv	44	Sensory Wrongness	Handle a damp sponge with bare hands		Wet compression	Medium		Clean sponge, room-temperature water.	
Nontraditional 100	jackie_nontraditional_punishment_100.csv	45	Sensory Wrongness	Touch wet paper and separate stuck layers		Mushy fragile texture	High		Clean paper/water only.	
Nontraditional 100	jackie_nontraditional_punishment_100.csv	46	Sensory Wrongness	Mash ripe banana with fingers		Sticky + mushy	High		Food-safe and brief.	
Nontraditional 100	jackie_nontraditional_punishment_100.csv	47	Sensory Wrongness	Handle cooked, cooled pasta with bare hands		Slippery + limp texture	Medium-High		Fresh, cooled food; no choking context.	
Nontraditional 100	jackie_nontraditional_punishment_100.csv	48	Sensory Wrongness	Pick soft fruit pieces out of a bowl of water		Wet + soft + fine-motor focus	High		Use edible/clean materials.	
Nontraditional 100	jackie_nontraditional_punishment_100.csv	49	Sensory Wrongness	Hold a food-safe gelatin cube until released		Cold-ish wobble + wetness	Medium-High		Room-temp if cold is pleasant rather than punitive.	
Nontraditional 100	jackie_nontraditional_punishment_100.csv	50	Sensory Wrongness	Coat fingertips lightly with syrup and wait before washing		Sticky residue + delayed resolution	High		Small amount; keep away from electronics/fabrics.	
Nontraditional 100	jackie_nontraditional_punishment_100.csv	51	Sensory Wrongness	Touch lotion, then wait before wiping hands		Persistent residue	Medium-High		Use tolerated lotion; short duration.	
Nontraditional 100	jackie_nontraditional_punishment_100.csv	52	Sensory Wrongness	Wear one slightly damp sock briefly		Wet fabric + asymmetry	Very High		Clean water, short duration, seated/indoors.	
Nontraditional 100	jackie_nontraditional_punishment_100.csv	53	Sensory Wrongness	Place a tiny harmless crumb under one thigh while seated		Irregular tactile signal	Medium-High		Soft food crumb only; no sharp debris.	
Nontraditional 100	jackie_nontraditional_punishment_100.csv	54	Sensory Wrongness	Sit on a deliberately wrinkled towel		Persistent uneven texture	Medium		No pressure points or sharp folds.	
Nontraditional 100	jackie_nontraditional_punishment_100.csv	55	Sensory Wrongness	Wear a shirt with one harmless fabric fold left unfixed		Persistent clothing wrongness	Medium		No seam pressure that causes pain.	
Nontraditional 100	jackie_nontraditional_punishment_100.csv	56	Sensory Wrongness	Touch microfiber with dry hands		Catching/dry tactile sensation	High if aversive		Stop if skin irritation occurs.	
Nontraditional 100	jackie_nontraditional_punishment_100.csv	57	Sensory Wrongness	Handle a dry cotton ball with slightly damp fingertips		Texture mismatch	Medium-High		Clean materials only.	
Nontraditional 100	jackie_nontraditional_punishment_100.csv	58	Sensory Wrongness	Hold a soft makeup sponge coated in plain water		Wet porous texture	Medium		No chemicals.	
Nontraditional 100	jackie_nontraditional_punishment_100.csv	59	Sensory Wrongness	Squish a sealed gel stress toy slowly		Yielding texture + anticipation	Maybe		Only if this is actually aversive; otherwise it's just sensory play.	
Nontraditional 100	jackie_nontraditional_punishment_100.csv	60	Sensory Wrongness	Press fingertips into cooled oatmeal in a bowl		Sticky/mushy texture	High		Fresh/cooled; wash afterward.	
Nontraditional 100	jackie_nontraditional_punishment_100.csv	61	Sensory Wrongness	Handle a peeled tomato or similarly slippery food		Slippery skinless texture	High		Food-safe, contained surface.	
Nontraditional 100	jackie_nontraditional_punishment_100.csv	62	Forced Slowness	Write five lines extremely slowly and neatly		Pacing frustration	High		Use a short set; no hand strain.	
Nontraditional 100	jackie_nontraditional_punishment_100.csv	63	Forced Slowness	Wait 20 seconds between each step of a simple task		Interrupts natural momentum	High		Keep total duration modest.	
Nontraditional 100	jackie_nontraditional_punishment_100.csv	64	Forced Slowness	Move one object at a time when several could be carried		Inefficiency + pacing	High		Use light objects.	
Nontraditional 100	jackie_nontraditional_punishment_100.csv	65	Forced Slowness	Fold laundry one item at a time with a pause between items		Deliberate inefficiency	High		Small batch only.	
Nontraditional 100	jackie_nontraditional_punishment_100.csv	66	Forced Slowness	Answer a question only after a ten-second pause		Blocks instant external processing	Medium-High		Not during emotionally important conflict.	
Nontraditional 100	jackie_nontraditional_punishment_100.csv	67	Forced Slowness	Speak at intentionally half-normal speed for one minute		Speech pacing constraint	Medium		Keep it playful, not during distress.	
Nontraditional 100	jackie_nontraditional_punishment_100.csv	68	Forced Slowness	Walk slowly across the room under direction		Motor pacing restriction	Medium		Clear floor, no balance risk.	
Nontraditional 100	jackie_nontraditional_punishment_100.csv	69	Forced Slowness	Complete a tiny cleanup task using only one hand		Efficiency restriction	High		No knives, heat, breakables, or hazardous tasks.	
Nontraditional 100	jackie_nontraditional_punishment_100.csv	70	Forced Slowness	Sort ten items one-by-one with hands returning to lap between each		Forced reset between actions	High		Safe seated task.	
Nontraditional 100	jackie_nontraditional_punishment_100.csv	71	Forced Slowness	Read a short paragraph aloud with deliberate pauses after each sentence		Pacing + control	Medium		No humiliating content.	
Nontraditional 100	jackie_nontraditional_punishment_100.csv	72	Forced Slowness	Wait for explicit 'next' before continuing a harmless sequence		Externally controlled pacing	High		Set a max total time.	
Nontraditional 100	jackie_nontraditional_punishment_100.csv	73	Forced Slowness	Open a snack/package very slowly under instruction		Delayed gratification + pacing	Medium		Not when actually hungry/needs food.	
Nontraditional 100	jackie_nontraditional_punishment_100.csv	74	Forced Slowness	Type a short sentence with a pause after every word		Cognitive pacing frustration	High		Short phrase only.	
Nontraditional 100	jackie_nontraditional_punishment_100.csv	75	Forced Slowness	Brush hair with one stroke, pause, repeat		Interrupts soothing rhythm	Maybe		Only if it is aversive; avoid tangles.	
Nontraditional 100	jackie_nontraditional_punishment_100.csv	76	Forced Slowness	Put away five objects with a countdown before each		Anticipation + inefficiency	High		Small number.	
Nontraditional 100	jackie_nontraditional_punishment_100.csv	77	Forced Slowness	Complete a task without multitasking		Denial of concurrency	High		Short, harmless task.	
Nontraditional 100	jackie_nontraditional_punishment_100.csv	78	Forced Slowness	Sit for sixty seconds after finishing before you're allowed to mark it done		Delayed closure	High		Known timer.	
Nontraditional 100	jackie_nontraditional_punishment_100.csv	79	Forced Slowness	Perform a familiar routine in deliberately separated micro-steps		Breaks automatic flow	High		Don't disrupt medical/hygiene needs.	
Nontraditional 100	jackie_nontraditional_punishment_100.csv	80	Forced Slowness	Use a timer that requires waiting before correcting a harmless asymmetry		Forced endurance of wrongness	Very High		Short, agreed max.	
Nontraditional 100	jackie_nontraditional_punishment_100.csv	81	Forced Slowness	Receive instructions one sentence at a time instead of the whole plan		Information throttling	High		Use only for playful tasks.	
Nontraditional 100	jackie_nontraditional_punishment_100.csv	82	Optimization Denial	Follow an intentionally inefficient but harmless method		Systems-brain frustration	Very High		Never use for safety-critical or work tasks.	
Nontraditional 100	jackie_nontraditional_punishment_100.csv	83	Optimization Denial	No shortcuts allowed for a tiny task		Blocked optimization	High		Task should take only a few minutes.	
Nontraditional 100	jackie_nontraditional_punishment_100.csv	84	Optimization Denial	Use the 'wrong' but functional order for a simple routine		Predictability/control disruption	High		Keep routine non-essential.	
Nontraditional 100	jackie_nontraditional_punishment_100.csv	85	Optimization Denial	Use a paper list instead of preferred digital method for one tiny task		Tool preference denial	Medium-High		No important records.	
Nontraditional 100	jackie_nontraditional_punishment_100.csv	86	Optimization Denial	Sort alphabetically when another system would be faster		Arbitrary rule + inefficiency	High		Tiny dataset.	
Nontraditional 100	jackie_nontraditional_punishment_100.csv	87	Optimization Denial	Carry objects individually instead of batching		No batching allowed	High		Light objects only.	
Nontraditional 100	jackie_nontraditional_punishment_100.csv	88	Optimization Denial	Complete a trivial task without preparing all materials first		Workflow inefficiency	High		No safety-sensitive tasks.	
Nontraditional 100	jackie_nontraditional_punishment_100.csv	89	Optimization Denial	Use an intentionally verbose five-step process for a one-step task		Procedural annoyance	Very High		Keep it absurd, short, and harmless.	
Nontraditional 100	jackie_nontraditional_punishment_100.csv	90	Optimization Denial	Taylor chooses the order of three tiny tasks		Loss of prioritization control	High		All tasks optional/non-essential.	
Nontraditional 100	jackie_nontraditional_punishment_100.csv	91	Optimization Denial	No reorganizing the instructions into a better system		Meta-optimization denial	Very High		Short-lived.	
Nontraditional 100	jackie_nontraditional_punishment_100.csv	92	Optimization Denial	Must ask for the next step instead of receiving the whole sequence		Information gating	High		Set max duration.	
Nontraditional 100	jackie_nontraditional_punishment_100.csv	93	Optimization Denial	Use a deliberately mediocre but safe tool for a tiny job		Tool inefficiency	Medium-High		No damaged/unsafe tools.	
Nontraditional 100	jackie_nontraditional_punishment_100.csv	94	Optimization Denial	Do not combine two compatible chores		Forced serial processing	High		Tiny tasks only.	
Nontraditional 100	jackie_nontraditional_punishment_100.csv	95	Optimization Denial	Leave an obvious harmless efficiency improvement unused		Visible missed optimization	Very High		Known endpoint.	
Nontraditional 100	jackie_nontraditional_punishment_100.csv	96	Optimization Denial	Repeat the exact provided method even after spotting a better one		Submission vs systems instinct	Very High		Only playful, low-stakes tasks.	
Nontraditional 100	jackie_nontraditional_punishment_100.csv	97	Optimization Denial	Ask permission before making a harmless process improvement		Control over optimization	High		Short window.	
Nontraditional 100	jackie_nontraditional_punishment_100.csv	98	Optimization Denial	Follow a deliberately over-specific instruction set		Constraint + inefficiency	High		No trick instructions.	
Nontraditional 100	jackie_nontraditional_punishment_100.csv	99	Optimization Denial	Complete a small task with materials placed inconveniently apart		Extra steps	Medium-High		No trip hazards.	
Nontraditional 100	jackie_nontraditional_punishment_100.csv	100	Optimization Denial	Use only one container when two would make sorting easier		Artificial constraint	High		Tiny task.	
Nontraditional 100	jackie_nontraditional_punishment_100.csv	101	Optimization Denial	Watch Taylor perform a tiny task inefficiently without correcting him		Suppressed optimization impulse	Potentially Very High		Keep playful; no consequential task.	
Cognitive 100	jackie_cognitive_punishment_idea_bank_100.csv	2	Decision Burden	Pick dinner completely solo	Must choose restaurant/place, exact order, sides/drinks, and timing with no input	decision ownership + no delegation	Very High		Use only low-stakes choices; no allergy/medical constraints.	
Cognitive 100	jackie_cognitive_punishment_idea_bank_100.csv	3	Decision Burden	Plan the whole date	Choose destination, timing, food, activity, route, and backup plan	full decision burden	Very High		Budget and hard limits agreed beforehand.	
Cognitive 100	jackie_cognitive_punishment_idea_bank_100.csv	4	Decision Burden	Choose the movie and justify it	Pick one movie and give one reason; no 'whatever you want'	commitment + ownership	High		No reopening after selection unless practical issue arises.	
Cognitive 100	jackie_cognitive_punishment_idea_bank_100.csv	5	Decision Burden	Choose from 10 equally acceptable options	Must narrow a broad menu to one	choice overload	High		All options genuinely acceptable.	
Cognitive 100	jackie_cognitive_punishment_idea_bank_100.csv	6	Decision Burden	Make a 3-course snack plan	Pick appetizer/main/dessert snack equivalents	many tiny decisions	High		Keep playful, not nutritionally restrictive.	
Cognitive 100	jackie_cognitive_punishment_idea_bank_100.csv	7	Decision Burden	Choose Taylor's outfit from approved options	Own another person's harmless aesthetic decision	decision responsibility	High		Taylor pre-approves the available clothing.	
Cognitive 100	jackie_cognitive_punishment_idea_bank_100.csv	8	Decision Burden	Choose the route for an outing	Must pick route/parking plan without asking	uncertainty + ownership	Medium-High		Navigation safety overrides game.	
Cognitive 100	jackie_cognitive_punishment_idea_bank_100.csv	9	Decision Burden	Create the evening schedule	Assign times/order for dinner, game, bath, movie, etc.	planning burden	Very High		Keep flexible if real needs arise.	
Cognitive 100	jackie_cognitive_punishment_idea_bank_100.csv	10	Decision Burden	Pick the restaurant and order for both from pre-approved choices	No outsourcing the final call	decision finality	Very High		Taylor can veto for real preferences/allergies.	
Cognitive 100	jackie_cognitive_punishment_idea_bank_100.csv	11	Decision Burden	Choose one household task to deprioritize	Must explicitly let one thing wait	anti-completion + prioritization	High		Only nonessential chores.	
Cognitive 100	jackie_cognitive_punishment_idea_bank_100.csv	12	Decision Burden	Rank five fun activities from best to worst	Forced preference articulation	decision precision	High		No ties for the game.	
Cognitive 100	jackie_cognitive_punishment_idea_bank_100.csv	13	Decision Burden	Choose one reward and reject the other two for that night	Opportunity-cost discomfort	commitment + loss of alternatives	High		All are optional pleasures.	
Cognitive 100	jackie_cognitive_punishment_idea_bank_100.csv	14	Decision Burden	Choose a random topic category for your own assignment	You create the constraint that will bind you	self-imposed decision	Medium-High		Topic remains safe/low-stakes.	
Cognitive 100	jackie_cognitive_punishment_idea_bank_100.csv	15	Decision Burden	Pick one of three imperfect solutions	No option is ideal	tolerating tradeoffs	Very High		Use fictional or harmless scenarios.	
Cognitive 100	jackie_cognitive_punishment_idea_bank_100.csv	16	Decision Burden	Choose the exact takeout order under a time limit	Decision ownership + timer	time pressure + finality	Very High		Enough time to avoid panic; no food-needs interference.	
Cognitive 100	jackie_cognitive_punishment_idea_bank_100.csv	17	Decision Burden	Choose a gift concept for a fictional person	Must commit with incomplete info	ambiguity + decision burden	High		Fictional scenario only.	
Cognitive 100	jackie_cognitive_punishment_idea_bank_100.csv	18	Decision Burden	Choose which of three chores Taylor does and which you do	Must distribute labor explicitly	responsibility + fairness	High		Keep chores small and optional.	
Cognitive 100	jackie_cognitive_punishment_idea_bank_100.csv	19	Decision Burden	Pick a single color/theme for a tiny project	No palette hedging	commitment	Medium-High		Harmless creative task.	
Cognitive 100	jackie_cognitive_punishment_idea_bank_100.csv	20	Decision Burden	Choose the next weekend micro-outing	Must make the call without brainstorming endlessly	closure pressure	High		Can be a 30-minute outing.	
Cognitive 100	jackie_cognitive_punishment_idea_bank_100.csv	21	Decision Burden	Make one recommendation with no alternatives	Forbidden from giving a menu	forced decisiveness	Very High		Use low-stakes prompts only.	
Cognitive 100	jackie_cognitive_punishment_idea_bank_100.csv	22	Timed Competence	20-minute research brief	Research an unfamiliar harmless topic and produce 250 words	competence under time pressure	Very High		No sensitive/high-stakes topics.	
Cognitive 100	jackie_cognitive_punishment_idea_bank_100.csv	23	Timed Competence	10-minute lightning brief	Learn enough to explain a topic in 5 bullets	compression + timer	High		Use accessible source material.	
Cognitive 100	jackie_cognitive_punishment_idea_bank_100.csv	24	Timed Competence	Three-source synthesis	Read three short sources and identify consensus/disagreement	synthesis under constraint	Very High		Public, low-stakes subject.	
Cognitive 100	jackie_cognitive_punishment_idea_bank_100.csv	25	Timed Competence	Teach-it-to-me presentation	Research for 20 minutes, then give Taylor a 3-minute lesson	performance + evaluation	Very High		Questions should be curious, not gotcha.	
Cognitive 100	jackie_cognitive_punishment_idea_bank_100.csv	26	Timed Competence	One-slide presentation	Explain a topic using one slide / one screen only	compression + format discipline	High		No need for polished visuals.	
Cognitive 100	jackie_cognitive_punishment_idea_bank_100.csv	27	Timed Competence	Executive memo	Write Decision / Evidence / Risk / Next Step in 200 words	structured reasoning	Very High		Harmless hypothetical topic.	
Cognitive 100	jackie_cognitive_punishment_idea_bank_100.csv	28	Timed Competence	ELI5 challenge	Learn something technical, then explain it without jargon	translation skill + constraint	High		Taylor judges clarity, not perfection.	
Cognitive 100	jackie_cognitive_punishment_idea_bank_100.csv	29	Timed Competence	Defend the opposite	Make the strongest case for a harmless position you initially dislike	cognitive flexibility	High		Avoid personally sensitive beliefs.	
Cognitive 100	jackie_cognitive_punishment_idea_bank_100.csv	30	Timed Competence	Closed-book summary	Study for 10 minutes, close materials, summarize from memory	memory + performance	Medium-High		No shaming for forgetting.	
Cognitive 100	jackie_cognitive_punishment_idea_bank_100.csv	31	Timed Competence	Q&A after brief	Present a topic then answer 3 follow-up questions	uncertainty + scrutiny	High		No trick questions.	
Cognitive 100	jackie_cognitive_punishment_idea_bank_100.csv	32	Timed Competence	Unknown question round	Study a topic knowing Taylor will ask one surprise question	anticipation	High		Question stays within studied topic.	
Cognitive 100	jackie_cognitive_punishment_idea_bank_100.csv	33	Timed Competence	300-word hard cap	Research deeply but final response cannot exceed 300 words	compression frustration	Very High		Word count can be approximate.	
Cognitive 100	jackie_cognitive_punishment_idea_bank_100.csv	34	Timed Competence	Five-sentence hard cap	Explain something nuanced in exactly five sentences	constraint + external processing denial	Very High		Low-stakes topic.	
Cognitive 100	jackie_cognitive_punishment_idea_bank_100.csv	35	Timed Competence	60-second pitch	Explain why a harmless idea matters in one minute	speed + synthesis	High		No penalty for normal speech stumbles.	
Cognitive 100	jackie_cognitive_punishment_idea_bank_100.csv	36	Timed Competence	Comparison matrix	Compare A/B/C on exactly four criteria	structured analysis	High		Criteria chosen in advance.	
Cognitive 100	jackie_cognitive_punishment_idea_bank_100.csv	37	Timed Competence	Research roulette	Randomly draw topic + format + time limit	uncertainty + competence	High		All cards pre-approved.	
Cognitive 100	jackie_cognitive_punishment_idea_bank_100.csv	38	Timed Competence	Fact / inference / unknown brief	Research topic and separate each claim into those three buckets	epistemic discipline	Very High		Encourages precision, not shame.	
Cognitive 100	jackie_cognitive_punishment_idea_bank_100.csv	39	Timed Competence	Find the hidden assumption	Read a short scenario and identify the key unstated assumption	pattern recognition under timer	High		Fictional scenarios.	
Cognitive 100	jackie_cognitive_punishment_idea_bank_100.csv	40	Timed Competence	Mini peer review	Taylor gives a short argument; identify 2 strengths and 2 weaknesses	balanced critique	High		Use non-personal content.	
Cognitive 100	jackie_cognitive_punishment_idea_bank_100.csv	41	Timed Competence	Teach back from notes	Make notes, then hand them to Taylor and explain without looking	performance + delayed retrieval	High		Keep topic modest.	
Cognitive 100	jackie_cognitive_punishment_idea_bank_100.csv	42	Precision Under Constraint	Write lines while a metronome plays	Maintain neatness despite repetitive auditory distraction	attention control	High		Volume comfortable.	
Cognitive 100	jackie_cognitive_punishment_idea_bank_100.csv	43	Precision Under Constraint	Copy a short paragraph perfectly under a timer	Precision + time pressure	accuracy under countdown	High		Short enough to prevent hand strain.	
Cognitive 100	jackie_cognitive_punishment_idea_bank_100.csv	44	Precision Under Constraint	Sort cards by suit while answering simple questions	Divided attention	cognitive interference	High		Questions remain easy/non-emotional.	
Cognitive 100	jackie_cognitive_punishment_idea_bank_100.csv	45	Precision Under Constraint	Alphabetize ten items while music changes unpredictably	Focus under novelty	attention switching	Medium-High		Comfortable volume.	
Cognitive 100	jackie_cognitive_punishment_idea_bank_100.csv	46	Precision Under Constraint	Stack ten objects neatly with one hand	Precision + artificial constraint	motor frustration	High		Use unbreakable light objects.	
Cognitive 100	jackie_cognitive_punishment_idea_bank_100.csv	47	Precision Under Constraint	Write five neat sentences with non-dominant hand	Motor frustration + precision	reduced fluency	High		Short duration; no pain.	
Cognitive 100	jackie_cognitive_punishment_idea_bank_100.csv	48	Precision Under Constraint	Transfer small soft objects between cups with chopsticks	Fine-motor challenge	precision under mild frustration	High		No sharp/hot objects.	
Cognitive 100	jackie_cognitive_punishment_idea_bank_100.csv	49	Precision Under Constraint	Build a simple block pattern from a picture under time limit	Visual precision + timer	spatial performance	High		Large safe pieces.	
Cognitive 100	jackie_cognitive_punishment_idea_bank_100.csv	50	Precision Under Constraint	Count backward while folding towels	Cognitive interference	working-memory load	Medium-High		Simple numbers only.	
Cognitive 100	jackie_cognitive_punishment_idea_bank_100.csv	51	Precision Under Constraint	Spell a chosen sentence aloud while maintaining posture	Language + physical focus	dual-task demand	High		Posture mild and safe.	
Cognitive 100	jackie_cognitive_punishment_idea_bank_100.csv	52	Precision Under Constraint	Write on a vertical whiteboard	Unfamiliar motor position	novel precision constraint	Medium-High		Comfortable shoulder height.	
Cognitive 100	jackie_cognitive_punishment_idea_bank_100.csv	53	Precision Under Constraint	Write one line with an intentionally awkward but safe grip	Motor constraint	precision frustration	High		Hand-only grip variation; no mouth-held tools.	
Cognitive 100	jackie_cognitive_punishment_idea_bank_100.csv	54	Precision Under Constraint	Copy a pattern without rotating the paper	Spatial constraint	denied preferred adjustment	Medium		Simple pattern.	
Cognitive 100	jackie_cognitive_punishment_idea_bank_100.csv	55	Precision Under Constraint	Sort by two rules at once	Working-memory load	multi-constraint processing	High		Small dataset.	
Cognitive 100	jackie_cognitive_punishment_idea_bank_100.csv	56	Precision Under Constraint	Follow spoken instructions without seeing the full list	Information gating + precision	no preview / no optimization	Very High		Only harmless tasks.	
Cognitive 100	jackie_cognitive_punishment_idea_bank_100.csv	57	Precision Under Constraint	Complete a tiny block build using only the shown image	Spatial inference	no step-by-step support	High		Large enough pieces to be safe.	
Cognitive 100	jackie_cognitive_punishment_idea_bank_100.csv	58	Precision Under Constraint	Neatly label ten items while Taylor asks harmless rapid-fire questions	Distraction + precision	divided attention	High		Can pause if overloaded.	
Cognitive 100	jackie_cognitive_punishment_idea_bank_100.csv	59	Precision Under Constraint	Write exactly 50 words	Precision + stopping at boundary	hard output constraint	Very High		Harmless topic.	
Cognitive 100	jackie_cognitive_punishment_idea_bank_100.csv	60	Precision Under Constraint	Copy a paragraph with zero abbreviations	Forced exactness	suppresses shorthand	Medium-High		Keep short.	
Cognitive 100	jackie_cognitive_punishment_idea_bank_100.csv	61	Precision Under Constraint	Make a simple paper fold while following one-step-at-a-time commands	Precision + external pacing	controlled sequencing	High		No cutting tools needed.	
Cognitive 100	jackie_cognitive_punishment_idea_bank_100.csv	62	Optimization Denial	Use the provided inefficient method	Must follow a safe slower process even after spotting a better one	optimization denial	Very High		Tiny, harmless task only.	
Cognitive 100	jackie_cognitive_punishment_idea_bank_100.csv	63	Optimization Denial	No batching allowed	Move or process one item at a time	efficiency frustration	Very High		Light objects, short task.	
Cognitive 100	jackie_cognitive_punishment_idea_bank_100.csv	64	Optimization Denial	Ask for each next step	Cannot see the full workflow	information throttling	Very High		Set a max duration.	
Cognitive 100	jackie_cognitive_punishment_idea_bank_100.csv	65	Optimization Denial	One tool only	Complete a trivial task with one pre-approved tool	artificial constraint	High		Tool must be safe and suitable.	
Cognitive 100	jackie_cognitive_punishment_idea_bank_100.csv	66	Optimization Denial	No shortcuts	Follow every written step exactly	process submission	Very High		No pointless physical exertion.	
Cognitive 100	jackie_cognitive_punishment_idea_bank_100.csv	67	Optimization Denial	Taylor sets task order	Cannot reprioritize three tiny tasks	loss of sequencing control	Very High		All tasks nonessential.	
Cognitive 100	jackie_cognitive_punishment_idea_bank_100.csv	68	Optimization Denial	No parallel processing	Must finish one tiny task fully before touching the next	blocked concurrency	Very High		Short set.	
Cognitive 100	jackie_cognitive_punishment_idea_bank_100.csv	69	Optimization Denial	Stop at good enough	Taylor calls the artifact done before Jackie wants to polish	completion-control transfer	Very High		Only low-stakes artifact.	
Cognitive 100	jackie_cognitive_punishment_idea_bank_100.csv	70	Optimization Denial	No revision after submission	Once delivered, cannot immediately improve it	finality discomfort	Very High		Can discuss learnings later.	
Cognitive 100	jackie_cognitive_punishment_idea_bank_100.csv	71	Optimization Denial	Three questions maximum	Must choose the most valuable clarifying questions	constraint + requirements thinking	Very High		Harmless assignment.	
Cognitive 100	jackie_cognitive_punishment_idea_bank_100.csv	72	Optimization Denial	State assumptions before questions	Cannot instantly interrogate ambiguity	structured restraint	High		Low-stakes scenario.	
Cognitive 100	jackie_cognitive_punishment_idea_bank_100.csv	73	Optimization Denial	Use Taylor's naming convention	Must preserve a harmless scheme you would not choose	system-control surrender	High		Temporary artifact only.	
Cognitive 100	jackie_cognitive_punishment_idea_bank_100.csv	74	Optimization Denial	Follow a deliberately verbose checklist	Cannot collapse steps	procedural annoyance	Very High		Keep total task short.	
Cognitive 100	jackie_cognitive_punishment_idea_bank_100.csv	75	Optimization Denial	Use a fixed template	Cannot redesign the format	constraint + compliance	High		Template provided clearly.	
Cognitive 100	jackie_cognitive_punishment_idea_bank_100.csv	76	Optimization Denial	No reordering the list	Complete items exactly top-to-bottom	sequencing denial	High		All items equivalent/safe.	
Cognitive 100	jackie_cognitive_punishment_idea_bank_100.csv	77	Optimization Denial	Do not correct Taylor's harmless inefficient demonstration	Suppress the urge to optimize	suppressed correction impulse	Very High		No consequential tasks.	
Cognitive 100	jackie_cognitive_punishment_idea_bank_100.csv	78	Optimization Denial	Explain the better method but still use the assigned one	Awareness + denied implementation	optimization frustration	Very High		Makes the constraint explicit.	
Cognitive 100	jackie_cognitive_punishment_idea_bank_100.csv	79	Optimization Denial	Wait for approval gates	Stop after each mini-section until Taylor says continue	external pacing control	Very High		No unnecessary long waits.	
Cognitive 100	jackie_cognitive_punishment_idea_bank_100.csv	80	Optimization Denial	Use the first acceptable solution	Cannot keep searching for optimal	anti-perfectionism + finality	Very High		Low-stakes problem.	
Cognitive 100	jackie_cognitive_punishment_idea_bank_100.csv	81	Optimization Denial	Choose criteria before seeing options	Commit to evaluation framework first	limits post-hoc optimization	High		Fictional choice set.	
Cognitive 100	jackie_cognitive_punishment_idea_bank_100.csv	82	Presentation & Accountability	Formal 3-minute presentation to Taylor	Stand/sit in designated presentation spot and deliver the result	performance + authority framing	Very High		No humiliation; constructive tone.	
Cognitive 100	jackie_cognitive_punishment_idea_bank_100.csv	83	Presentation & Accountability	Presentation with visible timer	Must finish before time expires	time pressure	High		Reasonable time budget.	
Cognitive 100	jackie_cognitive_punishment_idea_bank_100.csv	84	Presentation & Accountability	Presentation with one interruption question	Must recover and continue	composure	High		Question stays relevant.	
Cognitive 100	jackie_cognitive_punishment_idea_bank_100.csv	85	Presentation & Accountability	Presentation then one-minute self-critique	Identify one strength and one improvement	metacognition	High		No self-insults.	
Cognitive 100	jackie_cognitive_punishment_idea_bank_100.csv	86	Presentation & Accountability	Taylor scores a pre-agreed rubric	Clarity, adherence, concision, etc.	evaluation + accountability	Very High		Rubric known in advance.	
Cognitive 100	jackie_cognitive_punishment_idea_bank_100.csv	87	Presentation & Accountability	Unknown emphasis rubric	Broad rubric known but Taylor chooses one category to discuss	uncertainty	High		No surprise personal criteria.	
Cognitive 100	jackie_cognitive_punishment_idea_bank_100.csv	88	Presentation & Accountability	Redo only the weakest section	Cannot rewrite everything	localized correction	High		Five-minute cap.	
Cognitive 100	jackie_cognitive_punishment_idea_bank_100.csv	89	Presentation & Accountability	Explain why you missed a requirement	Process diagnosis instead of immediate fixing	accountability	Very High		Focus on process, not blame.	
Cognitive 100	jackie_cognitive_punishment_idea_bank_100.csv	90	Presentation & Accountability	One recommendation + one risk	Forbidden from sprawling alternatives	decisiveness + compression	Very High		Low-stakes topic.	
Cognitive 100	jackie_cognitive_punishment_idea_bank_100.csv	91	Presentation & Accountability	Answer follow-up in exactly 30 seconds	Concise thinking	time-boxed synthesis	High		Simple prompt.	
Cognitive 100	jackie_cognitive_punishment_idea_bank_100.csv	92	Presentation & Accountability	Present without reading verbatim	Must synthesize rather than recite	performance + mastery	High		Notes allowed as prompts.	
Cognitive 100	jackie_cognitive_punishment_idea_bank_100.csv	93	Presentation & Accountability	Present from a single index card	Limited external memory	compression + retrieval	High		Short topic.	
Cognitive 100	jackie_cognitive_punishment_idea_bank_100.csv	94	Presentation & Accountability	Answer 'what matters most?' first	Must prioritize immediately	priority judgment under scrutiny	Very High		Taylor can ask why afterward.	
Cognitive 100	jackie_cognitive_punishment_idea_bank_100.csv	95	Presentation & Accountability	Give a confidence score with each conclusion	Forces uncertainty calibration	epistemic discipline	High		No punishment for low confidence.	
Cognitive 100	jackie_cognitive_punishment_idea_bank_100.csv	96	Presentation & Accountability	Separate fact from interpretation verbally	Must label what is known vs inferred	epistemic precision	Very High		Great for fictional scenarios.	
Cognitive 100	jackie_cognitive_punishment_idea_bank_100.csv	97	Presentation & Accountability	Explain it to three audiences	Child / peer / executive versions	flexibility + format switching	High		Short versions.	
Cognitive 100	jackie_cognitive_punishment_idea_bank_100.csv	98	Presentation & Accountability	Taylor chooses presentation format at the end	Late constraint	adaptability under lost control	High		Formats pre-approved.	
Cognitive 100	jackie_cognitive_punishment_idea_bank_100.csv	99	Presentation & Accountability	Defend your decision for two minutes without adding new options	Must commit instead of reopening	commitment + no hedging	Very High		Harmless decision only.	
Cognitive 100	jackie_cognitive_punishment_idea_bank_100.csv	100	Presentation & Accountability	Summarize your own overthinking	Identify where extra analysis added no value	self-audit	Very High		No shame language.	
Cognitive 100	jackie_cognitive_punishment_idea_bank_100.csv	101	Presentation & Accountability	Formal dismissal after acceptance	Taylor says the assignment is complete and Jackie may stop refining	closure + authority	Very High		Explicitly marks 'done' as resolved.	
Sensory-Control 100	jackie_sensory_control_punishment_100.csv	2	Cold / Water Sensory	Cold shower, short bounded interval		whole-body cold + loss of preferred sensory control	Very High		Keep brief; stop for dizziness, numbness, breathing difficulty, or distress.	
Sensory-Control 100	jackie_sensory_control_punishment_100.csv	3	Cold / Water Sensory	Cold shower with arms kept at sides		cold + reduced ability to shield body	Very High		No restraint; normal movement always allowed for safety.	
Sensory-Control 100	jackie_sensory_control_punishment_100.csv	4	Cold / Water Sensory	Cold shower while counting slowly		cold + forced attention	Very High		Known count/end point.	
Sensory-Control 100	jackie_sensory_control_punishment_100.csv	5	Cold / Water Sensory	Cold shower with visible timer		anticipation + sustained cold	Very High		Short, explicit maximum.	
Sensory-Control 100	jackie_sensory_control_punishment_100.csv	6	Cold / Water Sensory	Cold shower followed by a required 30-second stillness before toweling		delayed sensory resolution	Very High		Warm room; stop if shivering becomes intense.	
Sensory-Control 100	jackie_sensory_control_punishment_100.csv	7	Cold / Water Sensory	Shower spray over forehead/face for a few seconds		water-on-face aversion	Very High		Never obstruct breathing; eyes can close; brief only.	
Sensory-Control 100	jackie_sensory_control_punishment_100.csv	8	Cold / Water Sensory	Let water run down face while standing still		face/eye sensory discomfort + stillness	Very High		No breath restriction; stop immediately if panicky.	
Sensory-Control 100	jackie_sensory_control_punishment_100.csv	9	Cold / Water Sensory	Face splash from cupped clean water		sudden wet-face sensation	High		Small amount only; no forced inhalation.	
Sensory-Control 100	jackie_sensory_control_punishment_100.csv	10	Cold / Water Sensory	Wet washcloth laid briefly across cheeks/forehead		persistent facial wetness	High		Keep nose/mouth fully clear.	
Sensory-Control 100	jackie_sensory_control_punishment_100.csv	11	Cold / Water Sensory	Hairline rinse with water allowed to run over face		loss of control over water path	High		Standing stable; no pressure over airway.	
Sensory-Control 100	jackie_sensory_control_punishment_100.csv	12	Cold / Water Sensory	Wash face without immediately towel-drying		wet-face persistence	Very High		Short wait only.	
Sensory-Control 100	jackie_sensory_control_punishment_100.csv	13	Cold / Water Sensory	Cold damp cloth on back of neck		cold + localized wetness	Medium-High		Avoid if it causes headache/dizziness.	
Sensory-Control 100	jackie_sensory_control_punishment_100.csv	14	Cold / Water Sensory	One forearm under cool running water while other stays dry		cold + asymmetry	High		Short and comfortable enough to remain safe.	
Sensory-Control 100	jackie_sensory_control_punishment_100.csv	15	Cold / Water Sensory	Cool water over one leg only		temperature asymmetry	High		Non-slip setup.	
Sensory-Control 100	jackie_sensory_control_punishment_100.csv	16	Cold / Water Sensory	Finish a normal warm shower with a brief cool rinse		pleasant-to-aversive contrast	Very High		No extreme temperatures.	
Sensory-Control 100	jackie_sensory_control_punishment_100.csv	17	Cold / Water Sensory	Cool shower while Taylor controls when it returns warm		loss of sensory control + anticipation	Very High		Pre-agreed short max; Jackie can stop at any time.	
Sensory-Control 100	jackie_sensory_control_punishment_100.csv	18	Cold / Water Sensory	Stand under shower spray without turning away for a short count		face/body water + obedience	Very High		Do not require face exposure if breathing feels affected.	
Sensory-Control 100	jackie_sensory_control_punishment_100.csv	19	Cold / Water Sensory	Wet hair left dripping for a short period before towel		persistent wet-body sensation	High		Warm environment; protect floors.	
Sensory-Control 100	jackie_sensory_control_punishment_100.csv	20	Cold / Water Sensory	Drip clean water down one side of face only		facial asymmetry + wetness	Very High		Small amounts, nose/mouth clear.	
Sensory-Control 100	jackie_sensory_control_punishment_100.csv	21	Cold / Water Sensory	Cold wet hands placed briefly on shoulders/arms		unexpected cold + touch	High		No extreme cold or startling if unsafe.	
Sensory-Control 100	jackie_sensory_control_punishment_100.csv	22	Asymmetry	One sock on, one sock off		persistent body asymmetry	Very High		Short bounded duration.	
Sensory-Control 100	jackie_sensory_control_punishment_100.csv	23	Asymmetry	One sock smooth, the other slightly bunched		fabric mismatch + urge to fix	Very High		No constriction.	
Sensory-Control 100	jackie_sensory_control_punishment_100.csv	24	Asymmetry	One sleeve up, one sleeve down		skin/clothing asymmetry	High		Comfortable fit.	
Sensory-Control 100	jackie_sensory_control_punishment_100.csv	25	Asymmetry	One pant leg cuffed, one uncuffed		visual + tactile imbalance	High		No walking hazard.	
Sensory-Control 100	jackie_sensory_control_punishment_100.csv	26	Asymmetry	Hair tucked behind one ear only		persistent asymmetry awareness	Medium-High		Easy reset after.	
Sensory-Control 100	jackie_sensory_control_punishment_100.csv	27	Asymmetry	One hand gloved, one bare		texture/temperature mismatch	High		Loose breathable glove.	
Sensory-Control 100	jackie_sensory_control_punishment_100.csv	28	Asymmetry	One shoe on, one shoe off while seated		foot asymmetry	Very High		Seated only.	
Sensory-Control 100	jackie_sensory_control_punishment_100.csv	29	Asymmetry	One side of blanket tucked, other loose		uneven pressure	High		No breathing restriction.	
Sensory-Control 100	jackie_sensory_control_punishment_100.csv	30	Asymmetry	One side of hair brushed, other left messy		visual/tactile incompleteness	High		No tangling.	
Sensory-Control 100	jackie_sensory_control_punishment_100.csv	31	Asymmetry	One wrist wearing a soft band, other bare		one-sided awareness	Medium		Loose fit.	
Sensory-Control 100	jackie_sensory_control_punishment_100.csv	32	Asymmetry	One side gets lotion, other stays dry		residue asymmetry	High		Skin-safe lotion.	
Sensory-Control 100	jackie_sensory_control_punishment_100.csv	33	Asymmetry	Only one side receives agreed impact		physical imbalance + incompleteness	Very High		Conservative impact; asymmetry is the point.	
Sensory-Control 100	jackie_sensory_control_punishment_100.csv	34	Asymmetry	Only one thigh gets agreed pinching/scratching		one-sided after-sensation	High		No skin damage.	
Sensory-Control 100	jackie_sensory_control_punishment_100.csv	35	Asymmetry	One side of clothing aligned neatly, other deliberately crooked		persistent wrongness	High		No restrictive folds.	
Sensory-Control 100	jackie_sensory_control_punishment_100.csv	36	Asymmetry	One side of body gets a brief cool rinse, other remains warm		temperature asymmetry	High		Non-slip, short duration.	
Sensory-Control 100	jackie_sensory_control_punishment_100.csv	37	Sensory Wrongness	Step barefoot on peeled grapes in a tray		wet + yielding + unpredictable squish	Very High		Non-slip setup; clean immediately afterward.	
Sensory-Control 100	jackie_sensory_control_punishment_100.csv	38	Sensory Wrongness	Squish peeled grapes by hand		mushy + wet + residue	Very High		Food-safe, short duration.	
Sensory-Control 100	jackie_sensory_control_punishment_100.csv	39	Sensory Wrongness	Mash ripe banana with fingers		sticky + mushy	Very High		Wash afterward.	
Sensory-Control 100	jackie_sensory_control_punishment_100.csv	40	Sensory Wrongness	Handle cooled cooked pasta		slippery + limp texture	High		Fresh/cooled only.	
Sensory-Control 100	jackie_sensory_control_punishment_100.csv	41	Sensory Wrongness	Touch wet paper and separate stuck sheets		mushy + fragile texture	High		Clean water/paper.	
Sensory-Control 100	jackie_sensory_control_punishment_100.csv	42	Sensory Wrongness	Hold damp sponge and repeatedly squeeze it		wet compression	High		Clean sponge.	
Sensory-Control 100	jackie_sensory_control_punishment_100.csv	43	Sensory Wrongness	Fingertips lightly coated in syrup before waiting to wash		sticky residue + delayed relief	Very High		Tiny amount, short wait.	
Sensory-Control 100	jackie_sensory_control_punishment_100.csv	44	Sensory Wrongness	Lotion on palms with delayed permission to wipe		persistent residue	High		Use tolerated lotion.	
Sensory-Control 100	jackie_sensory_control_punishment_100.csv	45	Sensory Wrongness	One slightly damp sock		wet fabric + asymmetry	Very High		Clean water, short duration.	
Sensory-Control 100	jackie_sensory_control_punishment_100.csv	46	Sensory Wrongness	Sit on a deliberately wrinkled towel		persistent uneven tactile input	High		No sharp folds.	
Sensory-Control 100	jackie_sensory_control_punishment_100.csv	47	Sensory Wrongness	Tiny harmless crumb under thigh while seated		irregular low-level pressure signal	Medium-High		Soft crumb only.	
Sensory-Control 100	jackie_sensory_control_punishment_100.csv	48	Sensory Wrongness	Touch microfiber with dry hands		dry catching texture	High if aversive		Stop if skin irritated.	
Sensory-Control 100	jackie_sensory_control_punishment_100.csv	49	Sensory Wrongness	Handle a cotton ball with slightly damp fingertips		texture mismatch	Medium-High		Clean materials.	
Sensory-Control 100	jackie_sensory_control_punishment_100.csv	50	Sensory Wrongness	Press fingers into cooled oatmeal		sticky/mushy tactile wrongness	High		Fresh/cooled; wash afterward.	
Sensory-Control 100	jackie_sensory_control_punishment_100.csv	51	Sensory Wrongness	Handle a peeled tomato or similar slippery food		slippery + delicate texture	High		Food-safe and contained.	
Sensory-Control 100	jackie_sensory_control_punishment_100.csv	52	Speech / Processing Restriction	No explaining for 60 seconds after being asked a harmless question		blocks immediate external processing	Very High		Never use during genuine conflict/distress.	
Sensory-Control 100	jackie_sensory_control_punishment_100.csv	53	Speech / Processing Restriction	Answer in exactly five words		compression + speech constraint	Very High		Low-stakes topic.	
Sensory-Control 100	jackie_sensory_control_punishment_100.csv	54	Speech / Processing Restriction	Answer only yes/no until released		restricted expression	High		Safety/needs communication always unrestricted.	
Sensory-Control 100	jackie_sensory_control_punishment_100.csv	55	Speech / Processing Restriction	Write the answer before speaking it		forces internal processing first	High		Short prompt.	
Sensory-Control 100	jackie_sensory_control_punishment_100.csv	56	Speech / Processing Restriction	State facts first, interpretations second		structured verbal control	Very High		Useful only in playful/low-stakes scenarios.	
Sensory-Control 100	jackie_sensory_control_punishment_100.csv	57	Speech / Processing Restriction	Wait for 'go' before explaining		delayed externalization	Very High		Short known wait.	
Sensory-Control 100	jackie_sensory_control_punishment_100.csv	58	Speech / Processing Restriction	One-sentence maximum response		forced concision	Very High		Harmless topic.	
Sensory-Control 100	jackie_sensory_control_punishment_100.csv	59	Speech / Processing Restriction	No caveats on first answer		must commit before qualifying	High		Low-stakes question only.	
Sensory-Control 100	jackie_sensory_control_punishment_100.csv	60	Speech / Processing Restriction	Three-question quota		must choose clarifying questions carefully	Very High		Harmless assignment.	
Sensory-Control 100	jackie_sensory_control_punishment_100.csv	61	Speech / Processing Restriction	Ask permission before adding another explanation		meta-control over elaboration	High		Brief window only.	
Sensory-Control 100	jackie_sensory_control_punishment_100.csv	62	Speech / Processing Restriction	No correcting Taylor's harmless phrasing until invited		suppressed correction impulse	Very High		Never use for meaningful misunderstandings.	
Sensory-Control 100	jackie_sensory_control_punishment_100.csv	63	Speech / Processing Restriction	Repeat Taylor's instruction back exactly before responding		precision + delayed self-expression	High		Short instructions.	
Sensory-Control 100	jackie_sensory_control_punishment_100.csv	64	Speech / Processing Restriction	Use only a pre-agreed response format		structured expression	High		Safety speech exempt.	
Sensory-Control 100	jackie_sensory_control_punishment_100.csv	65	Speech / Processing Restriction	One minute of intentional silence while seated together		denied talking outlet	High		Not during emotional rupture.	
Sensory-Control 100	jackie_sensory_control_punishment_100.csv	66	Speech / Processing Restriction	Presentation first, questions afterward		must hold thoughts until designated phase	Very High		Clear time boundaries.	
Sensory-Control 100	jackie_sensory_control_punishment_100.csv	67	Optimization / Pacing	Follow an intentionally inefficient but harmless method		systems-brain frustration	Very High		Tiny low-stakes task.	
Sensory-Control 100	jackie_sensory_control_punishment_100.csv	68	Optimization / Pacing	Move items one at a time instead of batching		blocked optimization	Very High		Light objects only.	
Sensory-Control 100	jackie_sensory_control_punishment_100.csv	69	Optimization / Pacing	Wait 20 seconds between task steps		interrupts momentum	Very High		Short total task.	
Sensory-Control 100	jackie_sensory_control_punishment_100.csv	70	Optimization / Pacing	Do not multitask during a tiny chore		denial of concurrency	Very High		Brief task only.	
Sensory-Control 100	jackie_sensory_control_punishment_100.csv	71	Optimization / Pacing	Use first acceptable solution		cannot keep searching for optimal	Very High		Low-stakes decision.	
Sensory-Control 100	jackie_sensory_control_punishment_100.csv	72	Optimization / Pacing	Stop at 'good enough' when Taylor says done		completion-control transfer	Very High		Only harmless artifacts.	
Sensory-Control 100	jackie_sensory_control_punishment_100.csv	73	Optimization / Pacing	No revision after submission for 10 minutes		finality discomfort	Very High		Can revise later.	
Sensory-Control 100	jackie_sensory_control_punishment_100.csv	74	Optimization / Pacing	Complete task in Taylor's chosen order		loss of prioritization control	Very High		All tasks nonessential.	
Sensory-Control 100	jackie_sensory_control_punishment_100.csv	75	Optimization / Pacing	Ask for each next step instead of seeing whole plan		information throttling	Very High		Known total length.	
Sensory-Control 100	jackie_sensory_control_punishment_100.csv	76	Optimization / Pacing	Use a fixed template without redesigning it		format-control surrender	High		Temporary artifact.	
Sensory-Control 100	jackie_sensory_control_punishment_100.csv	77	Optimization / Pacing	No shortcuts allowed		procedural submission	Very High		No needless physical strain.	
Sensory-Control 100	jackie_sensory_control_punishment_100.csv	78	Optimization / Pacing	Write five lines very slowly and neatly		forced pacing	Very High		Avoid hand strain.	
Sensory-Control 100	jackie_sensory_control_punishment_100.csv	79	Optimization / Pacing	Pause before marking a task complete		delayed closure	High		Known short timer.	
Sensory-Control 100	jackie_sensory_control_punishment_100.csv	80	Optimization / Pacing	Explain the better method but still use assigned method		optimization denied after recognition	Very High		Tiny harmless task.	
Sensory-Control 100	jackie_sensory_control_punishment_100.csv	81	Optimization / Pacing	Watch Taylor do a harmless task inefficiently without correcting		suppressed optimization urge	Very High		No consequential task.	
Sensory-Control 100	jackie_sensory_control_punishment_100.csv	82	Incompleteness	Align four objects but leave one crooked		visual incompleteness	High		Harmless objects.	
Sensory-Control 100	jackie_sensory_control_punishment_100.csv	83	Incompleteness	Fold a towel halfway and leave it		completion itch	High		Short duration.	
Sensory-Control 100	jackie_sensory_control_punishment_100.csv	84	Incompleteness	Tiny puzzle stopped one piece before completion		near-completion frustration	Very High		Small puzzle.	
Sensory-Control 100	jackie_sensory_control_punishment_100.csv	85	Incompleteness	Checklist with one harmless item left unchecked		open-loop tension	Very High		Never essential tasks.	
Sensory-Control 100	jackie_sensory_control_punishment_100.csv	86	Incompleteness	Make bed except one wrinkled corner		visible imperfection	High		Not during sleep time.	
Sensory-Control 100	jackie_sensory_control_punishment_100.csv	87	Incompleteness	Sort cards but leave one intentionally out of order		pattern violation	High		Small set.	
Sensory-Control 100	jackie_sensory_control_punishment_100.csv	88	Incompleteness	Organize pens by color with one misplaced		classification disruption	High		Tiny setup.	
Sensory-Control 100	jackie_sensory_control_punishment_100.csv	89	Incompleteness	Put everything away except one conspicuous harmless object		unfinished environment	High		Known endpoint.	
Sensory-Control 100	jackie_sensory_control_punishment_100.csv	90	Incompleteness	Write a list with one bullet intentionally unfinished		language completion itch	High		Short duration.	
Sensory-Control 100	jackie_sensory_control_punishment_100.csv	91	Incompleteness	Build a symmetrical pattern then remove one piece		broken symmetry	Very High		Safe pieces.	
Sensory-Control 100	jackie_sensory_control_punishment_100.csv	92	Decision / Protocol	Pick dinner completely with no input		decision ownership	Very High		Food itself is never withheld/punished; this is only choice burden.	
Sensory-Control 100	jackie_sensory_control_punishment_100.csv	93	Decision / Protocol	Plan the whole low-stakes date		full planning responsibility	Very High		Budget/limits pre-agreed.	
Sensory-Control 100	jackie_sensory_control_punishment_100.csv	94	Decision / Protocol	Choose the movie and commit without reopening		decision finality	High		Low stakes.	
Sensory-Control 100	jackie_sensory_control_punishment_100.csv	95	Decision / Protocol	Choose one of three imperfect options		tradeoff discomfort	Very High		Fictional or harmless choices.	
Sensory-Control 100	jackie_sensory_control_punishment_100.csv	96	Decision / Protocol	Taylor chooses the order of three tiny activities		loss of sequencing control	High		All optional.	
Sensory-Control 100	jackie_sensory_control_punishment_100.csv	97	Decision / Protocol	Ask permission before changing position for five minutes		micro-protocol + control	High		Safety/comfort needs override.	
Sensory-Control 100	jackie_sensory_control_punishment_100.csv	98	Decision / Protocol	Wait in designated spot until formally dismissed		protocol + anticipation	High		Known short max.	
Sensory-Control 100	jackie_sensory_control_punishment_100.csv	99	Decision / Protocol	Follow one-step-at-a-time instructions for a simple task		external pacing + submission	Very High		Harmless task.	
Sensory-Control 100	jackie_sensory_control_punishment_100.csv	100	Decision / Protocol	Formal start-and-release phrase for punishment		ritual + containment	High		Explicitly marks beginning/end.	
Sensory-Control 100	jackie_sensory_control_punishment_100.csv	101	Decision / Protocol	Mystery consequence from a pre-approved sensory/protocol list		uncertainty + surrendered choice	Very High		Only already-consented options; no food/drink deprivation or domestic-service punishments.	
Creative Punishments	creative_punishment_idea_bank.csv	2	Physical	Wall sit		Burn + endurance + being told to hold		2		Keep time bounded and posture safe.
Creative Punishments	creative_punishment_idea_bank.csv	3	Physical	Kneeling in a designated posture		Ritual + stillness		2		Use a safe surface; avoid joint injury.
Creative Punishments	creative_punishment_idea_bank.csv	4	Physical	Arms held out with a light object		Muscle fatigue + obedience		2		Keep the object light and duration short.
Creative Punishments	creative_punishment_idea_bank.csv	5	Physical	Hold a book overhead		Awkward endurance		2		Stop for numbness, sharp pain, or joint strain.
Creative Punishments	creative_punishment_idea_bank.csv	6	Physical	Slow squat hold		Controlled discomfort		2		Short intervals; avoid pushing through joint pain.
Creative Punishments	creative_punishment_idea_bank.csv	7	Physical	Tiptoe hold against wall		Balance + burn		2		Use wall support and short intervals.
Creative Punishments	creative_punishment_idea_bank.csv	8	Physical	Safe textured standing/kneeling surface		Sensory intensity		2-3		Seek texture/pressure rather than sharpness.
Creative Punishments	creative_punishment_idea_bank.csv	9	Physical	Clothespins on agreed low-risk areas		Localized sensation + anticipation		2-3		Pre-agree placement and duration.
Creative Punishments	creative_punishment_idea_bank.csv	10	Physical	Brief cold-object hold in hand		Sharp sensory input		2		Short, controlled exposure only.
Creative Punishments	creative_punishment_idea_bank.csv	11	Physical	Firm pressure massage used as discipline		Intense sensation without impact		1-2		Avoid vulnerable areas.
Creative Punishments	creative_punishment_idea_bank.csv	12	Obedience	Don't-move drill		Lizard brain vs conscious submission		2		Safewords and necessary movement always override.
Creative Punishments	creative_punishment_idea_bank.csv	13	Obedience	Permission required to shift position		Loss of control		2		Time-bounded.
Creative Punishments	creative_punishment_idea_bank.csv	14	Obedience	Permission required to speak		Verbal restraint		2		Safewords / necessary communication always exempt.
Creative Punishments	creative_punishment_idea_bank.csv	15	Obedience	Stay in place until formally dismissed		Anticipation + authority		2		Use a known maximum duration.
Creative Punishments	creative_punishment_idea_bank.csv	16	Obedience	Hands-on-head / hands-behind-back posture		Visible submission		1-2		Avoid painful shoulder positions.
Creative Punishments	creative_punishment_idea_bank.csv	17	Obedience	Hold eye contact while being corrected		Psychological intensity		2		Easy to stop if it becomes emotionally overwhelming.
Creative Punishments	creative_punishment_idea_bank.csv	18	Obedience	Count each impact/sensation		Keeps attention present		2-3		Use only with already-negotiated physical play.
Creative Punishments	creative_punishment_idea_bank.csv	19	Obedience	Repeat a short acknowledgment after each count		Ritualized discipline		2		Keep wording behavior-focused, not identity-attacking.
Creative Punishments	creative_punishment_idea_bank.csv	20	Obedience	Respond only with agreed short answers/titles		Structured control		1-2		Safewords remain unrestricted.
Creative Punishments	creative_punishment_idea_bank.csv	21	Obedience	Complete a simple command sequence perfectly		Precision + correction		1-2		Keep it playful and achievable.
Creative Punishments	creative_punishment_idea_bank.csv	22	Psychological	Listen to a corrective recording while still/restraint-negotiated		Immersive + focused		3		Pre-agree content; avoid shame/identity attacks.
Creative Punishments	creative_punishment_idea_bank.csv	23	Psychological	Write a short reflection before release		Links consequence to behavior		1-2		Keep it concise and specific.
Creative Punishments	creative_punishment_idea_bank.csv	24	Psychological	Write lines tied to the actual rule		Repetitive + corrective		1		Avoid excessive volume.
Creative Punishments	creative_punishment_idea_bank.csv	25	Psychological	Read back what you wrote aloud		Vulnerability + accountability		2		Can be emotionally intense; allow opt-out.
Creative Punishments	creative_punishment_idea_bank.csv	26	Psychological	Explain what happened without excuses		Directness		2		Behavior-focused, not adversarial.
Creative Punishments	creative_punishment_idea_bank.csv	27	Psychological	State what you'll do differently next time		Closure		1		Good for resolving the consequence cleanly.
Creative Punishments	creative_punishment_idea_bank.csv	28	Psychological	Wait in position before knowing the punishment		Anticipation		2-3		Use a pre-agreed maximum wait.
Creative Punishments	creative_punishment_idea_bank.csv	29	Psychological	Mystery punishment from a pre-approved pool		Uncertainty		2-3		Only draw from already-approved options.
Creative Punishments	creative_punishment_idea_bank.csv	30	Psychological	Taylor chooses from three agreed options		Surrendered choice		2		All choices remain pre-consented.
Creative Punishments	creative_punishment_idea_bank.csv	31	Psychological	Jackie chooses her own punishment from three		Self-selection intensifies accountability		2		Can create interesting psychological weight.
Creative Punishments	creative_punishment_idea_bank.csv	32	Psychological	Timer visible		Watching the consequence happen		1-2		Known endpoint can increase ritual feel.
Creative Punishments	creative_punishment_idea_bank.csv	33	Psychological	Timer hidden with a known max		Bounded uncertainty		2-3		The maximum should be explicit in advance.
Creative Punishments	creative_punishment_idea_bank.csv	34	Sensory	Blindfold + silence		Deprivation + anticipation		2-3		Maintain easy safeword/signal access.
Creative Punishments	creative_punishment_idea_bank.csv	35	Sensory	Blindfold + verbal instruction only		Dependence on voice		2-3		Keep environment physically safe.
Creative Punishments	creative_punishment_idea_bank.csv	36	Sensory	Headphones + recording		Isolation + immersion		3		Ensure an immediate stop signal is still available.
Creative Punishments	creative_punishment_idea_bank.csv	37	Sensory	Alternating warm/cool sensations		Nervous-system contrast		2		Avoid temperature extremes.
Creative Punishments	creative_punishment_idea_bank.csv	38	Sensory	Texture-based task		Sensory focus + stillness		1-2		Use non-damaging textures.
Creative Punishments	creative_punishment_idea_bank.csv	39	Sensory	Strong but safe scent paired with punishment ritual		Association / conditioning		1		Avoid irritants/allergens.
Creative Punishments	creative_punishment_idea_bank.csv	40	Mixed	Wall sit while listening to correction		Physical + psychological		3		Keep both duration and wording bounded.
Creative Punishments	creative_punishment_idea_bank.csv	41	Mixed	Kneel, count, then reflection		Ritual + discomfort + accountability		2-3		Useful as a contained start-to-finish ritual.
Creative Punishments	creative_punishment_idea_bank.csv	42	Mixed	Impact followed by immediate return to posture		Composure requirement		3		Use only with already-negotiated impact play.
Creative Punishments	creative_punishment_idea_bank.csv	43	Mixed	Hold position while answering questions		Divided attention		2		Questions should clarify, not interrogate.
Creative Punishments	creative_punishment_idea_bank.csv	44	Mixed	Service task under strict instructions		Useful + submissive		1-2		Keep task reasonable and safe.
Creative Punishments	creative_punishment_idea_bank.csv	45	Mixed	Clean or organize one specific thing as restitution		Tangible corrective result		1		Good low-intensity option.
Creative Punishments	creative_punishment_idea_bank.csv	46	Mixed	Lose choice of movie/food/activity for the evening		Behavioral consequence		1		Keep ordinary affection outside the reward economy.
Creative Punishments	creative_punishment_idea_bank.csv	47	Mixed	Delayed access to a treat		Anticipation + denial		1		Short and clearly bounded.
Creative Punishments	creative_punishment_idea_bank.csv	48	Mixed	No flavored drinks / sweets for a short window		Simple aversive consequence		1		Avoid if it conflicts with nutritional needs.
Creative Punishments	creative_punishment_idea_bank.csv	49	Mixed	Taylor chooses outfit/activity/meal for a period		Loss of choice		1-2		Choices still respect limits and practical needs.
Creative Punishments	creative_punishment_idea_bank.csv	50	Mixed	Correction ritual ending with formal release		Containment + closure		2		Explicit 'done/resolved' ending can prevent lingering shame.
Creative Punishments	creative_punishment_idea_bank.csv	51	Mixed	Earn release by completing a tiny task		Resolution + closure		1-2		Avoid open-ended or escalating demands.
Creative Punishments	creative_punishment_idea_bank.csv	52	Playful	Carry a note/card saying what rule was broken		Mild embarrassment + reminder		1		Keep private/public exposure within explicit consent.
Creative Punishments	creative_punishment_idea_bank.csv	53	Playful	Wear a silly agreed 'I got a demerit' token		Visible consequence		1		Only in contexts both agree to.
Creative Punishments	creative_punishment_idea_bank.csv	54	Playful	Ask permission for one normally automatic privilege		Temporary power shift		1-2		Time-bounded and never applies to necessities.
Creative Punishments	creative_punishment_idea_bank.csv	55	Playful	Short corner time		Classic disciplinary vibe		1		Keep duration modest.
Creative Punishments	creative_punishment_idea_bank.csv	56	Playful	Write an apology in intentionally formal language		Absurd + corrective		1		Can keep the tone playful.
Creative Punishments	creative_punishment_idea_bank.csv	57	Playful	Tiny service ritual before returning to normal		Symbolic restitution		1		Good for quick closure.
Pain Batch 2	pain_punishment_batch_2.csv	2	Impact	Cane taps to thighs/butt	sharp, precise sting	highly disciplinary feel				
Pain Batch 2	pain_punishment_batch_2.csv	3	Impact	Slapper / leather paddle	fast sting with sound	anticipation + noise add psychological weight				
Pain Batch 2	pain_punishment_batch_2.csv	4	Impact	Wooden spoon	small, sharp impact	strong domestic-discipline association				
Pain Batch 2	pain_punishment_batch_2.csv	5	Impact	Hairbrush spanking	dense sting/thud	classic disciplinary association				
Pain Batch 2	pain_punishment_batch_2.csv	6	Impact	Riding crop taps	focused sting	controlled, targeted sensation				
Pain Batch 2	pain_punishment_batch_2.csv	7	Localized pain	Flicking	tiny sharp bursts	annoying, repeatable, psychologically irritating				
Pain Batch 2	pain_punishment_batch_2.csv	8	Localized pain	Fingernail pinches	narrow, sharp pressure	precise and easy to pair with obedience				
Pain Batch 2	pain_punishment_batch_2.csv	9	Localized pain	Sustained pinch hold	ache + pressure	more endurance than quick pain				
Pain Batch 2	pain_punishment_batch_2.csv	10	Control-linked pain	Bite-and-hold	pressure + sharpness	combines pain with control				
Pain Batch 2	pain_punishment_batch_2.csv	11	Control-linked pain	Scratching with held stillness	surface sting + obedience	the 'don't move' part adds intensity				
Pain Batch 2	pain_punishment_batch_2.csv	12	Impact	Alternating sting/thud impacts	unpredictable contrast	keeps the nervous system guessing				
Pain Batch 2	pain_punishment_batch_2.csv	13	Psychological amplification	Slow impact countdown	anticipation-heavy	psychologically stronger without needing higher force				
Pain Batch 2	pain_punishment_batch_2.csv	14	Endurance / obedience	Restart-if-you-move posture hold	muscular burn + obedience	strong lizard-brain vs obedience tension				
Pain Batch 2	pain_punishment_batch_2.csv	15	Mixed	Wall sit + counted taps	burn + impact + counting	layered punishment without needing extreme intensity				
Pain Batch 2	pain_punishment_batch_2.csv	16	Mixed	Kneeling + hand spanking	pressure + impact	strong ritual / discipline energy				
Pain Batch 2	pain_punishment_batch_2.csv	17	Endurance	Plank hold	full-body burn	clear endurance punishment				
Pain Batch 2	pain_punishment_batch_2.csv	18	Endurance / obedience	Arms-out hold after impact	muscle fatigue + composure	requires staying controlled after pain				
Pain Batch 2	pain_punishment_batch_2.csv	19	Endurance / obedience	Tiptoe hold + correction	calf burn + balance	annoying and obedience-heavy				
Pain Batch 2	pain_punishment_batch_2.csv	20	Sharp sensory	Pinwheel over agreed sensitive areas	prickly sharp sensation	more sharp than deep				
Pain Batch 2	pain_punishment_batch_2.csv	21	Sharp sensory	Firm brush strokes on skin	prickly / stingy	can feel corrective rather than soothing				
Pain Batch 2	pain_punishment_batch_2.csv	22	Localized pain	Repeated light snaps to one safe area	accumulating sting	builds sensation gradually				
Pain Batch 2	pain_punishment_batch_2.csv	23	Psychological amplification	Delayed impact	anticipation > force	waiting before each one adds psychological weight				
Pain Batch 2	pain_punishment_batch_2.csv	24	Psychological amplification	Count backward through impacts	cognitive load + pain	keeps attention focused and obedient				
Pain Batch 2	pain_punishment_batch_2.csv	25	Mixed	Recite rule while holding posture	psychological + muscular burn	turns it into correction, not just exercise				
Pain Batch 2	pain_punishment_batch_2.csv	26	Psychological	Choose-your-own implement	self-selected punishment	can feel more intense psychologically				
Pain Batch 2	pain_punishment_batch_2.csv	27	Psychological	Mystery implement from approved set	uncertainty	ominous/fun without changing negotiated limits				
Pain Batch 2	pain_punishment_batch_2.csv	28	Psychological	Silent impact round	pain + no chatter	more serious / ritualistic tone				
Pain Batch 2	pain_punishment_batch_2.csv	29	Psychological	Eye-contact impact	psychological intensity	harder to mentally detach				
Pain Batch 2	pain_punishment_batch_2.csv	30	Ritual	Formal inspection after punishment	vulnerability + closure	gives the punishment a ritual arc				
Pain Batch 2	pain_punishment_batch_2.csv	31	Mixed	Pain followed by stillness	after-sensation + obedience	no immediately squirming it off				
