Activity	Sensation profile	Why it may fit	Category
Cane taps to thighs/butt	sharp, precise sting	highly disciplinary feel	Impact
Slapper / leather paddle	fast sting with sound	anticipation + noise add psychological weight	Impact
Wooden spoon	small, sharp impact	strong domestic-discipline association	Impact
Hairbrush spanking	dense sting/thud	classic disciplinary association	Impact
Riding crop taps	focused sting	controlled, targeted sensation	Impact
Flicking	tiny sharp bursts	annoying, repeatable, psychologically irritating	Localized pain
Fingernail pinches	narrow, sharp pressure	precise and easy to pair with obedience	Localized pain
Sustained pinch hold	ache + pressure	more endurance than quick pain	Localized pain
Bite-and-hold	pressure + sharpness	combines pain with control	Control-linked pain
Scratching with held stillness	surface sting + obedience	the 'don't move' part adds intensity	Control-linked pain
Alternating sting/thud impacts	unpredictable contrast	keeps the nervous system guessing	Impact
Slow impact countdown	anticipation-heavy	psychologically stronger without needing higher force	Psychological amplification
Restart-if-you-move posture hold	muscular burn + obedience	strong lizard-brain vs obedience tension	Endurance / obedience
Wall sit + counted taps	burn + impact + counting	layered punishment without needing extreme intensity	Mixed
Kneeling + hand spanking	pressure + impact	strong ritual / discipline energy	Mixed
Plank hold	full-body burn	clear endurance punishment	Endurance
Arms-out hold after impact	muscle fatigue + composure	requires staying controlled after pain	Endurance / obedience
Tiptoe hold + correction	calf burn + balance	annoying and obedience-heavy	Endurance / obedience
Pinwheel over agreed sensitive areas	prickly sharp sensation	more sharp than deep	Sharp sensory
Firm brush strokes on skin	prickly / stingy	can feel corrective rather than soothing	Sharp sensory
Repeated light snaps to one safe area	accumulating sting	builds sensation gradually	Localized pain
Delayed impact	anticipation > force	waiting before each one adds psychological weight	Psychological amplification
Count backward through impacts	cognitive load + pain	keeps attention focused and obedient	Psychological amplification
Recite rule while holding posture	psychological + muscular burn	turns it into correction, not just exercise	Mixed
Choose-your-own implement	self-selected punishment	can feel more intense psychologically	Psychological
Mystery implement from approved set	uncertainty	ominous/fun without changing negotiated limits	Psychological
Silent impact round	pain + no chatter	more serious / ritualistic tone	Psychological
Eye-contact impact	psychological intensity	harder to mentally detach	Psychological
Formal inspection after punishment	vulnerability + closure	gives the punishment a ritual arc	Ritual
Pain followed by stillness	after-sensation + obedience	no immediately squirming it off	Mixed
